Grammar:

Rule 0     S' -> Programa
Rule 1     Programa -> clases
Rule 2     clases -> clases error
Rule 3     clases -> clases error ;
Rule 4     clases -> error ;
Rule 5     clases -> clases Clase ;
Rule 6     clases -> Clase ;
Rule 7     Clase -> CLASS TYPEID INHERITS TYPEID { caracteristicas }
Rule 8     Clase -> CLASS TYPEID { caracteristicas }
Rule 9     caracteristicas -> caracteristicas error ;
Rule 10    caracteristicas -> caracteristicas metodo
Rule 11    caracteristicas -> caracteristicas atributo
Rule 12    caracteristicas -> <empty>
Rule 13    atributo -> OBJECTID : TYPEID
Rule 14    atributo -> OBJECTID : TYPEID ASSIGN Expresion ;
Rule 15    atributo -> OBJECTID : error ;
Rule 16    atributo -> OBJECTID : TYPEID ;
Rule 17    metodo -> OBJECTID ( lista_formales ) : TYPEID { Expresion } ;
Rule 18    metodo -> OBJECTID ( ) : TYPEID { Expresion } ;
Rule 19    lista_formales -> lista_formales error Formal
Rule 20    lista_formales -> lista_formales , Formal
Rule 21    lista_formales -> Formal
Rule 22    Formal -> OBJECTID : TYPEID
Rule 23    Expresion -> BOOL_CONST
Rule 24    Expresion -> STR_CONST
Rule 25    Expresion -> INT_CONST
Rule 26    Expresion -> OBJECTID
Rule 27    Expresion -> { lista_exprs }
Rule 28    Expresion -> NEW TYPEID
Rule 29    Expresion -> CASE error OF lista_ramas ESAC
Rule 30    Expresion -> CASE Expresion OF lista_ramas ESAC
Rule 31    Expresion -> LET lista_let IN Expresion
Rule 32    Expresion -> WHILE Expresion LOOP Expresion POOL
Rule 33    Expresion -> IF Expresion THEN Expresion ELSE Expresion FI
Rule 34    Expresion -> OBJECTID ( lista_args )
Rule 35    Expresion -> OBJECTID ( )
Rule 36    Expresion -> Expresion . OBJECTID ( lista_args )
Rule 37    Expresion -> Expresion . OBJECTID ( )
Rule 38    Expresion -> Expresion @ TYPEID . OBJECTID ( lista_args )
Rule 39    Expresion -> Expresion @ TYPEID . OBJECTID ( )
Rule 40    Expresion -> ( Expresion )
Rule 41    Expresion -> ~ Expresion  [precedence=left, level=7]
Rule 42    Expresion -> ISVOID Expresion  [precedence=left, level=6]
Rule 43    Expresion -> NOT Expresion  [precedence=left, level=2]
Rule 44    Expresion -> Expresion = Expresion  [precedence=nonassoc, level=3]
Rule 45    Expresion -> Expresion LE Expresion  [precedence=nonassoc, level=3]
Rule 46    Expresion -> Expresion < Expresion  [precedence=nonassoc, level=3]
Rule 47    Expresion -> Expresion / Expresion  [precedence=left, level=5]
Rule 48    Expresion -> Expresion * Expresion  [precedence=left, level=5]
Rule 49    Expresion -> Expresion - Expresion  [precedence=left, level=4]
Rule 50    Expresion -> Expresion + Expresion  [precedence=left, level=4]
Rule 51    Expresion -> OBJECTID ASSIGN Expresion  [precedence=right, level=1]
Rule 52    lista_let -> lista_let , binding_let
Rule 53    lista_let -> binding_let
Rule 54    binding_let -> OBJECTID : TYPEID ASSIGN error
Rule 55    binding_let -> OBJECTID : TYPEID ASSIGN Expresion  [precedence=right, level=1]
Rule 56    binding_let -> OBJECTID : TYPEID
Rule 57    lista_ramas -> lista_ramas rama_case
Rule 58    lista_ramas -> rama_case
Rule 59    rama_case -> OBJECTID : TYPEID DARROW Expresion ;
Rule 60    lista_exprs -> lista_exprs error ;
Rule 61    lista_exprs -> error ;
Rule 62    lista_exprs -> lista_exprs Expresion ;
Rule 63    lista_exprs -> Expresion ;
Rule 64    lista_args -> lista_args , Expresion
Rule 65    lista_args -> Expresion

Terminals, with rules where they appear:

(                    : 17 18 34 35 36 37 38 39 40
)                    : 17 18 34 35 36 37 38 39 40
*                    : 48
+                    : 50
,                    : 20 52 64
-                    : 49
.                    : 36 37 38 39
/                    : 47
:                    : 13 14 15 16 17 18 22 54 55 56 59
;                    : 3 4 5 6 9 14 15 16 17 18 59 60 61 62 63
<                    : 46
=                    : 44
@                    : 38 39
ASSIGN               : 14 51 54 55
BOOL_CONST           : 23
CASE                 : 29 30
CLASS                : 7 8
DARROW               : 59
ELSE                 : 33
ESAC                 : 29 30
FI                   : 33
IF                   : 33
IN                   : 31
INHERITS             : 7
INT_CONST            : 25
ISVOID               : 42
LE                   : 45
LET                  : 31
LOOP                 : 32
NEW                  : 28
NOT                  : 43
OBJECTID             : 13 14 15 16 17 18 22 26 34 35 36 37 38 39 51 54 55 56 59
OF                   : 29 30
POOL                 : 32
STR_CONST            : 24
THEN                 : 33
TYPEID               : 7 7 8 13 14 16 17 18 22 28 38 39 54 55 56 59
WHILE                : 32
error                : 2 3 4 9 15 19 29 54 60 61
{                    : 7 8 17 18 27
}                    : 7 8 17 18 27
~                    : 41

Nonterminals, with rules where they appear:

Clase                : 5 6
Expresion            : 14 17 18 30 31 32 32 33 33 33 36 37 38 39 40 41 42 43 44 44 45 45 46 46 47 47 48 48 49 49 50 50 51 55 59 62 63 64 65
Formal               : 19 20 21
Programa             : 0
atributo             : 11
binding_let          : 52 53
caracteristicas      : 7 8 9 10 11
clases               : 1 2 3 5
lista_args           : 34 36 38 64
lista_exprs          : 27 60 62
lista_formales       : 17 19 20
lista_let            : 31 52
lista_ramas          : 29 30 57
metodo               : 10
rama_case            : 57 58


state 0

    (0) S' -> . Programa
    (1) Programa -> . clases
    (2) clases -> . clases error
    (3) clases -> . clases error ;
    (4) clases -> . error ;
    (5) clases -> . clases Clase ;
    (6) clases -> . Clase ;
    (7) Clase -> . CLASS TYPEID INHERITS TYPEID { caracteristicas }
    (8) Clase -> . CLASS TYPEID { caracteristicas }
    error           shift and go to state 3
    CLASS           shift and go to state 5

    Programa                       shift and go to state 1
    clases                         shift and go to state 2
    Clase                          shift and go to state 4

state 1

    (0) S' -> Programa .


state 2

    (1) Programa -> clases .
    (2) clases -> clases . error
    (3) clases -> clases . error ;
    (5) clases -> clases . Clase ;
    (7) Clase -> . CLASS TYPEID INHERITS TYPEID { caracteristicas }
    (8) Clase -> . CLASS TYPEID { caracteristicas }
    $end            reduce using rule 1 (Programa -> clases .)
    error           shift and go to state 6
    CLASS           shift and go to state 5

    Clase                          shift and go to state 7

state 3

    (4) clases -> error . ;
    ;               shift and go to state 8


state 4

    (6) clases -> Clase . ;
    ;               shift and go to state 9


state 5

    (7) Clase -> CLASS . TYPEID INHERITS TYPEID { caracteristicas }
    (8) Clase -> CLASS . TYPEID { caracteristicas }
    TYPEID          shift and go to state 10


state 6

    (2) clases -> clases error .
    (3) clases -> clases error . ;
    error           reduce using rule 2 (clases -> clases error .)
    CLASS           reduce using rule 2 (clases -> clases error .)
    $end            reduce using rule 2 (clases -> clases error .)
    ;               shift and go to state 11


state 7

    (5) clases -> clases Clase . ;
    ;               shift and go to state 12


state 8

    (4) clases -> error ; .
    error           reduce using rule 4 (clases -> error ; .)
    CLASS           reduce using rule 4 (clases -> error ; .)
    $end            reduce using rule 4 (clases -> error ; .)


state 9

    (6) clases -> Clase ; .
    error           reduce using rule 6 (clases -> Clase ; .)
    CLASS           reduce using rule 6 (clases -> Clase ; .)
    $end            reduce using rule 6 (clases -> Clase ; .)


state 10

    (7) Clase -> CLASS TYPEID . INHERITS TYPEID { caracteristicas }
    (8) Clase -> CLASS TYPEID . { caracteristicas }
    INHERITS        shift and go to state 13
    {               shift and go to state 14


state 11

    (3) clases -> clases error ; .
    error           reduce using rule 3 (clases -> clases error ; .)
    CLASS           reduce using rule 3 (clases -> clases error ; .)
    $end            reduce using rule 3 (clases -> clases error ; .)


state 12

    (5) clases -> clases Clase ; .
    error           reduce using rule 5 (clases -> clases Clase ; .)
    CLASS           reduce using rule 5 (clases -> clases Clase ; .)
    $end            reduce using rule 5 (clases -> clases Clase ; .)


state 13

    (7) Clase -> CLASS TYPEID INHERITS . TYPEID { caracteristicas }
    TYPEID          shift and go to state 15


state 14

    (8) Clase -> CLASS TYPEID { . caracteristicas }
    (9) caracteristicas -> . caracteristicas error ;
    (10) caracteristicas -> . caracteristicas metodo
    (11) caracteristicas -> . caracteristicas atributo
    (12) caracteristicas -> .
    }               reduce using rule 12 (caracteristicas -> .)
    error           reduce using rule 12 (caracteristicas -> .)
    OBJECTID        reduce using rule 12 (caracteristicas -> .)

    caracteristicas                shift and go to state 16

state 15

    (7) Clase -> CLASS TYPEID INHERITS TYPEID . { caracteristicas }
    {               shift and go to state 17


state 16

    (8) Clase -> CLASS TYPEID { caracteristicas . }
    (9) caracteristicas -> caracteristicas . error ;
    (10) caracteristicas -> caracteristicas . metodo
    (11) caracteristicas -> caracteristicas . atributo
    (17) metodo -> . OBJECTID ( lista_formales ) : TYPEID { Expresion } ;
    (18) metodo -> . OBJECTID ( ) : TYPEID { Expresion } ;
    (13) atributo -> . OBJECTID : TYPEID
    (14) atributo -> . OBJECTID : TYPEID ASSIGN Expresion ;
    (15) atributo -> . OBJECTID : error ;
    (16) atributo -> . OBJECTID : TYPEID ;
    }               shift and go to state 18
    error           shift and go to state 19
    OBJECTID        shift and go to state 22

    metodo                         shift and go to state 20
    atributo                       shift and go to state 21

state 17

    (7) Clase -> CLASS TYPEID INHERITS TYPEID { . caracteristicas }
    (9) caracteristicas -> . caracteristicas error ;
    (10) caracteristicas -> . caracteristicas metodo
    (11) caracteristicas -> . caracteristicas atributo
    (12) caracteristicas -> .
    }               reduce using rule 12 (caracteristicas -> .)
    error           reduce using rule 12 (caracteristicas -> .)
    OBJECTID        reduce using rule 12 (caracteristicas -> .)

    caracteristicas                shift and go to state 23

state 18

    (8) Clase -> CLASS TYPEID { caracteristicas } .
    ;               reduce using rule 8 (Clase -> CLASS TYPEID { caracteristicas } .)


state 19

    (9) caracteristicas -> caracteristicas error . ;
    ;               shift and go to state 24


state 20

    (10) caracteristicas -> caracteristicas metodo .
    }               reduce using rule 10 (caracteristicas -> caracteristicas metodo .)
    error           reduce using rule 10 (caracteristicas -> caracteristicas metodo .)
    OBJECTID        reduce using rule 10 (caracteristicas -> caracteristicas metodo .)


state 21

    (11) caracteristicas -> caracteristicas atributo .
    }               reduce using rule 11 (caracteristicas -> caracteristicas atributo .)
    error           reduce using rule 11 (caracteristicas -> caracteristicas atributo .)
    OBJECTID        reduce using rule 11 (caracteristicas -> caracteristicas atributo .)


state 22

    (17) metodo -> OBJECTID . ( lista_formales ) : TYPEID { Expresion } ;
    (18) metodo -> OBJECTID . ( ) : TYPEID { Expresion } ;
    (13) atributo -> OBJECTID . : TYPEID
    (14) atributo -> OBJECTID . : TYPEID ASSIGN Expresion ;
    (15) atributo -> OBJECTID . : error ;
    (16) atributo -> OBJECTID . : TYPEID ;
    (               shift and go to state 25
    :               shift and go to state 26


state 23

    (7) Clase -> CLASS TYPEID INHERITS TYPEID { caracteristicas . }
    (9) caracteristicas -> caracteristicas . error ;
    (10) caracteristicas -> caracteristicas . metodo
    (11) caracteristicas -> caracteristicas . atributo
    (17) metodo -> . OBJECTID ( lista_formales ) : TYPEID { Expresion } ;
    (18) metodo -> . OBJECTID ( ) : TYPEID { Expresion } ;
    (13) atributo -> . OBJECTID : TYPEID
    (14) atributo -> . OBJECTID : TYPEID ASSIGN Expresion ;
    (15) atributo -> . OBJECTID : error ;
    (16) atributo -> . OBJECTID : TYPEID ;
    }               shift and go to state 27
    error           shift and go to state 19
    OBJECTID        shift and go to state 22

    metodo                         shift and go to state 20
    atributo                       shift and go to state 21

state 24

    (9) caracteristicas -> caracteristicas error ; .
    }               reduce using rule 9 (caracteristicas -> caracteristicas error ; .)
    error           reduce using rule 9 (caracteristicas -> caracteristicas error ; .)
    OBJECTID        reduce using rule 9 (caracteristicas -> caracteristicas error ; .)


state 25

    (17) metodo -> OBJECTID ( . lista_formales ) : TYPEID { Expresion } ;
    (18) metodo -> OBJECTID ( . ) : TYPEID { Expresion } ;
    (19) lista_formales -> . lista_formales error Formal
    (20) lista_formales -> . lista_formales , Formal
    (21) lista_formales -> . Formal
    (22) Formal -> . OBJECTID : TYPEID
    )               shift and go to state 30
    OBJECTID        shift and go to state 28

    lista_formales                 shift and go to state 29
    Formal                         shift and go to state 31

state 26

    (13) atributo -> OBJECTID : . TYPEID
    (14) atributo -> OBJECTID : . TYPEID ASSIGN Expresion ;
    (15) atributo -> OBJECTID : . error ;
    (16) atributo -> OBJECTID : . TYPEID ;
    TYPEID          shift and go to state 32
    error           shift and go to state 33


state 27

    (7) Clase -> CLASS TYPEID INHERITS TYPEID { caracteristicas } .
    ;               reduce using rule 7 (Clase -> CLASS TYPEID INHERITS TYPEID { caracteristicas } .)


state 28

    (22) Formal -> OBJECTID . : TYPEID
    :               shift and go to state 34


state 29

    (17) metodo -> OBJECTID ( lista_formales . ) : TYPEID { Expresion } ;
    (19) lista_formales -> lista_formales . error Formal
    (20) lista_formales -> lista_formales . , Formal
    )               shift and go to state 35
    error           shift and go to state 36
    ,               shift and go to state 37


state 30

    (18) metodo -> OBJECTID ( ) . : TYPEID { Expresion } ;
    :               shift and go to state 38


state 31

    (21) lista_formales -> Formal .
    )               reduce using rule 21 (lista_formales -> Formal .)
    error           reduce using rule 21 (lista_formales -> Formal .)
    ,               reduce using rule 21 (lista_formales -> Formal .)


state 32

    (13) atributo -> OBJECTID : TYPEID .
    (14) atributo -> OBJECTID : TYPEID . ASSIGN Expresion ;
    (16) atributo -> OBJECTID : TYPEID . ;
    }               reduce using rule 13 (atributo -> OBJECTID : TYPEID .)
    error           reduce using rule 13 (atributo -> OBJECTID : TYPEID .)
    OBJECTID        reduce using rule 13 (atributo -> OBJECTID : TYPEID .)
    ASSIGN          shift and go to state 39
    ;               shift and go to state 40


state 33

    (15) atributo -> OBJECTID : error . ;
    ;               shift and go to state 41


state 34

    (22) Formal -> OBJECTID : . TYPEID
    TYPEID          shift and go to state 42


state 35

    (17) metodo -> OBJECTID ( lista_formales ) . : TYPEID { Expresion } ;
    :               shift and go to state 43


state 36

    (19) lista_formales -> lista_formales error . Formal
    (22) Formal -> . OBJECTID : TYPEID
    OBJECTID        shift and go to state 28

    Formal                         shift and go to state 44

state 37

    (20) lista_formales -> lista_formales , . Formal
    (22) Formal -> . OBJECTID : TYPEID
    OBJECTID        shift and go to state 28

    Formal                         shift and go to state 45

state 38

    (18) metodo -> OBJECTID ( ) : . TYPEID { Expresion } ;
    TYPEID          shift and go to state 46


state 39

    (14) atributo -> OBJECTID : TYPEID ASSIGN . Expresion ;
    (23) Expresion -> . BOOL_CONST
    (24) Expresion -> . STR_CONST
    (25) Expresion -> . INT_CONST
    (26) Expresion -> . OBJECTID
    (27) Expresion -> . { lista_exprs }
    (28) Expresion -> . NEW TYPEID
    (29) Expresion -> . CASE error OF lista_ramas ESAC
    (30) Expresion -> . CASE Expresion OF lista_ramas ESAC
    (31) Expresion -> . LET lista_let IN Expresion
    (32) Expresion -> . WHILE Expresion LOOP Expresion POOL
    (33) Expresion -> . IF Expresion THEN Expresion ELSE Expresion FI
    (34) Expresion -> . OBJECTID ( lista_args )
    (35) Expresion -> . OBJECTID ( )
    (36) Expresion -> . Expresion . OBJECTID ( lista_args )
    (37) Expresion -> . Expresion . OBJECTID ( )
    (38) Expresion -> . Expresion @ TYPEID . OBJECTID ( lista_args )
    (39) Expresion -> . Expresion @ TYPEID . OBJECTID ( )
    (40) Expresion -> . ( Expresion )
    (41) Expresion -> . ~ Expresion
    (42) Expresion -> . ISVOID Expresion
    (43) Expresion -> . NOT Expresion
    (44) Expresion -> . Expresion = Expresion
    (45) Expresion -> . Expresion LE Expresion
    (46) Expresion -> . Expresion < Expresion
    (47) Expresion -> . Expresion / Expresion
    (48) Expresion -> . Expresion * Expresion
    (49) Expresion -> . Expresion - Expresion
    (50) Expresion -> . Expresion + Expresion
    (51) Expresion -> . OBJECTID ASSIGN Expresion
    BOOL_CONST      shift and go to state 49
    STR_CONST       shift and go to state 50
    INT_CONST       shift and go to state 51
    OBJECTID        shift and go to state 47
    {               shift and go to state 52
    NEW             shift and go to state 53
    CASE            shift and go to state 54
    LET             shift and go to state 55
    WHILE           shift and go to state 56
    IF              shift and go to state 57
    (               shift and go to state 58
    ~               shift and go to state 59
    ISVOID          shift and go to state 60
    NOT             shift and go to state 61

    Expresion                      shift and go to state 48

state 40

    (16) atributo -> OBJECTID : TYPEID ; .
    }               reduce using rule 16 (atributo -> OBJECTID : TYPEID ; .)
    error           reduce using rule 16 (atributo -> OBJECTID : TYPEID ; .)
    OBJECTID        reduce using rule 16 (atributo -> OBJECTID : TYPEID ; .)


state 41

    (15) atributo -> OBJECTID : error ; .
    }               reduce using rule 15 (atributo -> OBJECTID : error ; .)
    error           reduce using rule 15 (atributo -> OBJECTID : error ; .)
    OBJECTID        reduce using rule 15 (atributo -> OBJECTID : error ; .)


state 42

    (22) Formal -> OBJECTID : TYPEID .
    )               reduce using rule 22 (Formal -> OBJECTID : TYPEID .)
    error           reduce using rule 22 (Formal -> OBJECTID : TYPEID .)
    ,               reduce using rule 22 (Formal -> OBJECTID : TYPEID .)


state 43

    (17) metodo -> OBJECTID ( lista_formales ) : . TYPEID { Expresion } ;
    TYPEID          shift and go to state 62


state 44

    (19) lista_formales -> lista_formales error Formal .
    )               reduce using rule 19 (lista_formales -> lista_formales error Formal .)
    error           reduce using rule 19 (lista_formales -> lista_formales error Formal .)
    ,               reduce using rule 19 (lista_formales -> lista_formales error Formal .)


state 45

    (20) lista_formales -> lista_formales , Formal .
    )               reduce using rule 20 (lista_formales -> lista_formales , Formal .)
    error           reduce using rule 20 (lista_formales -> lista_formales , Formal .)
    ,               reduce using rule 20 (lista_formales -> lista_formales , Formal .)


state 46

    (18) metodo -> OBJECTID ( ) : TYPEID . { Expresion } ;
    {               shift and go to state 63


state 47

    (26) Expresion -> OBJECTID .
    (34) Expresion -> OBJECTID . ( lista_args )
    (35) Expresion -> OBJECTID . ( )
    (51) Expresion -> OBJECTID . ASSIGN Expresion
    ;               reduce using rule 26 (Expresion -> OBJECTID .)
    .               reduce using rule 26 (Expresion -> OBJECTID .)
    @               reduce using rule 26 (Expresion -> OBJECTID .)
    =               reduce using rule 26 (Expresion -> OBJECTID .)
    LE              reduce using rule 26 (Expresion -> OBJECTID .)
    <               reduce using rule 26 (Expresion -> OBJECTID .)
    /               reduce using rule 26 (Expresion -> OBJECTID .)
    *               reduce using rule 26 (Expresion -> OBJECTID .)
    -               reduce using rule 26 (Expresion -> OBJECTID .)
    +               reduce using rule 26 (Expresion -> OBJECTID .)
    OF              reduce using rule 26 (Expresion -> OBJECTID .)
    LOOP            reduce using rule 26 (Expresion -> OBJECTID .)
    THEN            reduce using rule 26 (Expresion -> OBJECTID .)
    )               reduce using rule 26 (Expresion -> OBJECTID .)
    }               reduce using rule 26 (Expresion -> OBJECTID .)
    ,               reduce using rule 26 (Expresion -> OBJECTID .)
    POOL            reduce using rule 26 (Expresion -> OBJECTID .)
    ELSE            reduce using rule 26 (Expresion -> OBJECTID .)
    IN              reduce using rule 26 (Expresion -> OBJECTID .)
    FI              reduce using rule 26 (Expresion -> OBJECTID .)
    (               shift and go to state 64
    ASSIGN          shift and go to state 65


state 48

    (14) atributo -> OBJECTID : TYPEID ASSIGN Expresion . ;
    (36) Expresion -> Expresion . . OBJECTID ( lista_args )
    (37) Expresion -> Expresion . . OBJECTID ( )
    (38) Expresion -> Expresion . @ TYPEID . OBJECTID ( lista_args )
    (39) Expresion -> Expresion . @ TYPEID . OBJECTID ( )
    (44) Expresion -> Expresion . = Expresion
    (45) Expresion -> Expresion . LE Expresion
    (46) Expresion -> Expresion . < Expresion
    (47) Expresion -> Expresion . / Expresion
    (48) Expresion -> Expresion . * Expresion
    (49) Expresion -> Expresion . - Expresion
    (50) Expresion -> Expresion . + Expresion
    ;               shift and go to state 66
    .               shift and go to state 67
    @               shift and go to state 68
    =               shift and go to state 69
    LE              shift and go to state 70
    <               shift and go to state 71
    /               shift and go to state 72
    *               shift and go to state 73
    -               shift and go to state 74
    +               shift and go to state 75


state 49

    (23) Expresion -> BOOL_CONST .
    ;               reduce using rule 23 (Expresion -> BOOL_CONST .)
    .               reduce using rule 23 (Expresion -> BOOL_CONST .)
    @               reduce using rule 23 (Expresion -> BOOL_CONST .)
    =               reduce using rule 23 (Expresion -> BOOL_CONST .)
    LE              reduce using rule 23 (Expresion -> BOOL_CONST .)
    <               reduce using rule 23 (Expresion -> BOOL_CONST .)
    /               reduce using rule 23 (Expresion -> BOOL_CONST .)
    *               reduce using rule 23 (Expresion -> BOOL_CONST .)
    -               reduce using rule 23 (Expresion -> BOOL_CONST .)
    +               reduce using rule 23 (Expresion -> BOOL_CONST .)
    OF              reduce using rule 23 (Expresion -> BOOL_CONST .)
    LOOP            reduce using rule 23 (Expresion -> BOOL_CONST .)
    THEN            reduce using rule 23 (Expresion -> BOOL_CONST .)
    )               reduce using rule 23 (Expresion -> BOOL_CONST .)
    }               reduce using rule 23 (Expresion -> BOOL_CONST .)
    ,               reduce using rule 23 (Expresion -> BOOL_CONST .)
    POOL            reduce using rule 23 (Expresion -> BOOL_CONST .)
    ELSE            reduce using rule 23 (Expresion -> BOOL_CONST .)
    IN              reduce using rule 23 (Expresion -> BOOL_CONST .)
    FI              reduce using rule 23 (Expresion -> BOOL_CONST .)


state 50

    (24) Expresion -> STR_CONST .
    ;               reduce using rule 24 (Expresion -> STR_CONST .)
    .               reduce using rule 24 (Expresion -> STR_CONST .)
    @               reduce using rule 24 (Expresion -> STR_CONST .)
    =               reduce using rule 24 (Expresion -> STR_CONST .)
    LE              reduce using rule 24 (Expresion -> STR_CONST .)
    <               reduce using rule 24 (Expresion -> STR_CONST .)
    /               reduce using rule 24 (Expresion -> STR_CONST .)
    *               reduce using rule 24 (Expresion -> STR_CONST .)
    -               reduce using rule 24 (Expresion -> STR_CONST .)
    +               reduce using rule 24 (Expresion -> STR_CONST .)
    OF              reduce using rule 24 (Expresion -> STR_CONST .)
    LOOP            reduce using rule 24 (Expresion -> STR_CONST .)
    THEN            reduce using rule 24 (Expresion -> STR_CONST .)
    )               reduce using rule 24 (Expresion -> STR_CONST .)
    }               reduce using rule 24 (Expresion -> STR_CONST .)
    ,               reduce using rule 24 (Expresion -> STR_CONST .)
    POOL            reduce using rule 24 (Expresion -> STR_CONST .)
    ELSE            reduce using rule 24 (Expresion -> STR_CONST .)
    IN              reduce using rule 24 (Expresion -> STR_CONST .)
    FI              reduce using rule 24 (Expresion -> STR_CONST .)


state 51

    (25) Expresion -> INT_CONST .
    ;               reduce using rule 25 (Expresion -> INT_CONST .)
    .               reduce using rule 25 (Expresion -> INT_CONST .)
    @               reduce using rule 25 (Expresion -> INT_CONST .)
    =               reduce using rule 25 (Expresion -> INT_CONST .)
    LE              reduce using rule 25 (Expresion -> INT_CONST .)
    <               reduce using rule 25 (Expresion -> INT_CONST .)
    /               reduce using rule 25 (Expresion -> INT_CONST .)
    *               reduce using rule 25 (Expresion -> INT_CONST .)
    -               reduce using rule 25 (Expresion -> INT_CONST .)
    +               reduce using rule 25 (Expresion -> INT_CONST .)
    OF              reduce using rule 25 (Expresion -> INT_CONST .)
    LOOP            reduce using rule 25 (Expresion -> INT_CONST .)
    THEN            reduce using rule 25 (Expresion -> INT_CONST .)
    )               reduce using rule 25 (Expresion -> INT_CONST .)
    }               reduce using rule 25 (Expresion -> INT_CONST .)
    ,               reduce using rule 25 (Expresion -> INT_CONST .)
    POOL            reduce using rule 25 (Expresion -> INT_CONST .)
    ELSE            reduce using rule 25 (Expresion -> INT_CONST .)
    IN              reduce using rule 25 (Expresion -> INT_CONST .)
    FI              reduce using rule 25 (Expresion -> INT_CONST .)


state 52

    (27) Expresion -> { . lista_exprs }
    (60) lista_exprs -> . lista_exprs error ;
    (61) lista_exprs -> . error ;
    (62) lista_exprs -> . lista_exprs Expresion ;
    (63) lista_exprs -> . Expresion ;
    (23) Expresion -> . BOOL_CONST
    (24) Expresion -> . STR_CONST
    (25) Expresion -> . INT_CONST
    (26) Expresion -> . OBJECTID
    (27) Expresion -> . { lista_exprs }
    (28) Expresion -> . NEW TYPEID
    (29) Expresion -> . CASE error OF lista_ramas ESAC
    (30) Expresion -> . CASE Expresion OF lista_ramas ESAC
    (31) Expresion -> . LET lista_let IN Expresion
    (32) Expresion -> . WHILE Expresion LOOP Expresion POOL
    (33) Expresion -> . IF Expresion THEN Expresion ELSE Expresion FI
    (34) Expresion -> . OBJECTID ( lista_args )
    (35) Expresion -> . OBJECTID ( )
    (36) Expresion -> . Expresion . OBJECTID ( lista_args )
    (37) Expresion -> . Expresion . OBJECTID ( )
    (38) Expresion -> . Expresion @ TYPEID . OBJECTID ( lista_args )
    (39) Expresion -> . Expresion @ TYPEID . OBJECTID ( )
    (40) Expresion -> . ( Expresion )
    (41) Expresion -> . ~ Expresion
    (42) Expresion -> . ISVOID Expresion
    (43) Expresion -> . NOT Expresion
    (44) Expresion -> . Expresion = Expresion
    (45) Expresion -> . Expresion LE Expresion
    (46) Expresion -> . Expresion < Expresion
    (47) Expresion -> . Expresion / Expresion
    (48) Expresion -> . Expresion * Expresion
    (49) Expresion -> . Expresion - Expresion
    (50) Expresion -> . Expresion + Expresion
    (51) Expresion -> . OBJECTID ASSIGN Expresion
    error           shift and go to state 77
    BOOL_CONST      shift and go to state 49
    STR_CONST       shift and go to state 50
    INT_CONST       shift and go to state 51
    OBJECTID        shift and go to state 47
    {               shift and go to state 52
    NEW             shift and go to state 53
    CASE            shift and go to state 54
    LET             shift and go to state 55
    WHILE           shift and go to state 56
    IF              shift and go to state 57
    (               shift and go to state 58
    ~               shift and go to state 59
    ISVOID          shift and go to state 60
    NOT             shift and go to state 61

    lista_exprs                    shift and go to state 76
    Expresion                      shift and go to state 78

state 53

    (28) Expresion -> NEW . TYPEID
    TYPEID          shift and go to state 79


state 54

    (29) Expresion -> CASE . error OF lista_ramas ESAC
    (30) Expresion -> CASE . Expresion OF lista_ramas ESAC
    (23) Expresion -> . BOOL_CONST
    (24) Expresion -> . STR_CONST
    (25) Expresion -> . INT_CONST
    (26) Expresion -> . OBJECTID
    (27) Expresion -> . { lista_exprs }
    (28) Expresion -> . NEW TYPEID
    (29) Expresion -> . CASE error OF lista_ramas ESAC
    (30) Expresion -> . CASE Expresion OF lista_ramas ESAC
    (31) Expresion -> . LET lista_let IN Expresion
    (32) Expresion -> . WHILE Expresion LOOP Expresion POOL
    (33) Expresion -> . IF Expresion THEN Expresion ELSE Expresion FI
    (34) Expresion -> . OBJECTID ( lista_args )
    (35) Expresion -> . OBJECTID ( )
    (36) Expresion -> . Expresion . OBJECTID ( lista_args )
    (37) Expresion -> . Expresion . OBJECTID ( )
    (38) Expresion -> . Expresion @ TYPEID . OBJECTID ( lista_args )
    (39) Expresion -> . Expresion @ TYPEID . OBJECTID ( )
    (40) Expresion -> . ( Expresion )
    (41) Expresion -> . ~ Expresion
    (42) Expresion -> . ISVOID Expresion
    (43) Expresion -> . NOT Expresion
    (44) Expresion -> . Expresion = Expresion
    (45) Expresion -> . Expresion LE Expresion
    (46) Expresion -> . Expresion < Expresion
    (47) Expresion -> . Expresion / Expresion
    (48) Expresion -> . Expresion * Expresion
    (49) Expresion -> . Expresion - Expresion
    (50) Expresion -> . Expresion + Expresion
    (51) Expresion -> . OBJECTID ASSIGN Expresion
    error           shift and go to state 80
    BOOL_CONST      shift and go to state 49
    STR_CONST       shift and go to state 50
    INT_CONST       shift and go to state 51
    OBJECTID        shift and go to state 47
    {               shift and go to state 52
    NEW             shift and go to state 53
    CASE            shift and go to state 54
    LET             shift and go to state 55
    WHILE           shift and go to state 56
    IF              shift and go to state 57
    (               shift and go to state 58
    ~               shift and go to state 59
    ISVOID          shift and go to state 60
    NOT             shift and go to state 61

    Expresion                      shift and go to state 81

state 55

    (31) Expresion -> LET . lista_let IN Expresion
    (52) lista_let -> . lista_let , binding_let
    (53) lista_let -> . binding_let
    (54) binding_let -> . OBJECTID : TYPEID ASSIGN error
    (55) binding_let -> . OBJECTID : TYPEID ASSIGN Expresion
    (56) binding_let -> . OBJECTID : TYPEID
    OBJECTID        shift and go to state 84

    lista_let                      shift and go to state 82
    binding_let                    shift and go to state 83

state 56

    (32) Expresion -> WHILE . Expresion LOOP Expresion POOL
    (23) Expresion -> . BOOL_CONST
    (24) Expresion -> . STR_CONST
    (25) Expresion -> . INT_CONST
    (26) Expresion -> . OBJECTID
    (27) Expresion -> . { lista_exprs }
    (28) Expresion -> . NEW TYPEID
    (29) Expresion -> . CASE error OF lista_ramas ESAC
    (30) Expresion -> . CASE Expresion OF lista_ramas ESAC
    (31) Expresion -> . LET lista_let IN Expresion
    (32) Expresion -> . WHILE Expresion LOOP Expresion POOL
    (33) Expresion -> . IF Expresion THEN Expresion ELSE Expresion FI
    (34) Expresion -> . OBJECTID ( lista_args )
    (35) Expresion -> . OBJECTID ( )
    (36) Expresion -> . Expresion . OBJECTID ( lista_args )
    (37) Expresion -> . Expresion . OBJECTID ( )
    (38) Expresion -> . Expresion @ TYPEID . OBJECTID ( lista_args )
    (39) Expresion -> . Expresion @ TYPEID . OBJECTID ( )
    (40) Expresion -> . ( Expresion )
    (41) Expresion -> . ~ Expresion
    (42) Expresion -> . ISVOID Expresion
    (43) Expresion -> . NOT Expresion
    (44) Expresion -> . Expresion = Expresion
    (45) Expresion -> . Expresion LE Expresion
    (46) Expresion -> . Expresion < Expresion
    (47) Expresion -> . Expresion / Expresion
    (48) Expresion -> . Expresion * Expresion
    (49) Expresion -> . Expresion - Expresion
    (50) Expresion -> . Expresion + Expresion
    (51) Expresion -> . OBJECTID ASSIGN Expresion
    BOOL_CONST      shift and go to state 49
    STR_CONST       shift and go to state 50
    INT_CONST       shift and go to state 51
    OBJECTID        shift and go to state 47
    {               shift and go to state 52
    NEW             shift and go to state 53
    CASE            shift and go to state 54
    LET             shift and go to state 55
    WHILE           shift and go to state 56
    IF              shift and go to state 57
    (               shift and go to state 58
    ~               shift and go to state 59
    ISVOID          shift and go to state 60
    NOT             shift and go to state 61

    Expresion                      shift and go to state 85

state 57

    (33) Expresion -> IF . Expresion THEN Expresion ELSE Expresion FI
    (23) Expresion -> . BOOL_CONST
    (24) Expresion -> . STR_CONST
    (25) Expresion -> . INT_CONST
    (26) Expresion -> . OBJECTID
    (27) Expresion -> . { lista_exprs }
    (28) Expresion -> . NEW TYPEID
    (29) Expresion -> . CASE error OF lista_ramas ESAC
    (30) Expresion -> . CASE Expresion OF lista_ramas ESAC
    (31) Expresion -> . LET lista_let IN Expresion
    (32) Expresion -> . WHILE Expresion LOOP Expresion POOL
    (33) Expresion -> . IF Expresion THEN Expresion ELSE Expresion FI
    (34) Expresion -> . OBJECTID ( lista_args )
    (35) Expresion -> . OBJECTID ( )
    (36) Expresion -> . Expresion . OBJECTID ( lista_args )
    (37) Expresion -> . Expresion . OBJECTID ( )
    (38) Expresion -> . Expresion @ TYPEID . OBJECTID ( lista_args )
    (39) Expresion -> . Expresion @ TYPEID . OBJECTID ( )
    (40) Expresion -> . ( Expresion )
    (41) Expresion -> . ~ Expresion
    (42) Expresion -> . ISVOID Expresion
    (43) Expresion -> . NOT Expresion
    (44) Expresion -> . Expresion = Expresion
    (45) Expresion -> . Expresion LE Expresion
    (46) Expresion -> . Expresion < Expresion
    (47) Expresion -> . Expresion / Expresion
    (48) Expresion -> . Expresion * Expresion
    (49) Expresion -> . Expresion - Expresion
    (50) Expresion -> . Expresion + Expresion
    (51) Expresion -> . OBJECTID ASSIGN Expresion
    BOOL_CONST      shift and go to state 49
    STR_CONST       shift and go to state 50
    INT_CONST       shift and go to state 51
    OBJECTID        shift and go to state 47
    {               shift and go to state 52
    NEW             shift and go to state 53
    CASE            shift and go to state 54
    LET             shift and go to state 55
    WHILE           shift and go to state 56
    IF              shift and go to state 57
    (               shift and go to state 58
    ~               shift and go to state 59
    ISVOID          shift and go to state 60
    NOT             shift and go to state 61

    Expresion                      shift and go to state 86

state 58

    (40) Expresion -> ( . Expresion )
    (23) Expresion -> . BOOL_CONST
    (24) Expresion -> . STR_CONST
    (25) Expresion -> . INT_CONST
    (26) Expresion -> . OBJECTID
    (27) Expresion -> . { lista_exprs }
    (28) Expresion -> . NEW TYPEID
    (29) Expresion -> . CASE error OF lista_ramas ESAC
    (30) Expresion -> . CASE Expresion OF lista_ramas ESAC
    (31) Expresion -> . LET lista_let IN Expresion
    (32) Expresion -> . WHILE Expresion LOOP Expresion POOL
    (33) Expresion -> . IF Expresion THEN Expresion ELSE Expresion FI
    (34) Expresion -> . OBJECTID ( lista_args )
    (35) Expresion -> . OBJECTID ( )
    (36) Expresion -> . Expresion . OBJECTID ( lista_args )
    (37) Expresion -> . Expresion . OBJECTID ( )
    (38) Expresion -> . Expresion @ TYPEID . OBJECTID ( lista_args )
    (39) Expresion -> . Expresion @ TYPEID . OBJECTID ( )
    (40) Expresion -> . ( Expresion )
    (41) Expresion -> . ~ Expresion
    (42) Expresion -> . ISVOID Expresion
    (43) Expresion -> . NOT Expresion
    (44) Expresion -> . Expresion = Expresion
    (45) Expresion -> . Expresion LE Expresion
    (46) Expresion -> . Expresion < Expresion
    (47) Expresion -> . Expresion / Expresion
    (48) Expresion -> . Expresion * Expresion
    (49) Expresion -> . Expresion - Expresion
    (50) Expresion -> . Expresion + Expresion
    (51) Expresion -> . OBJECTID ASSIGN Expresion
    BOOL_CONST      shift and go to state 49
    STR_CONST       shift and go to state 50
    INT_CONST       shift and go to state 51
    OBJECTID        shift and go to state 47
    {               shift and go to state 52
    NEW             shift and go to state 53
    CASE            shift and go to state 54
    LET             shift and go to state 55
    WHILE           shift and go to state 56
    IF              shift and go to state 57
    (               shift and go to state 58
    ~               shift and go to state 59
    ISVOID          shift and go to state 60
    NOT             shift and go to state 61

    Expresion                      shift and go to state 87

state 59

    (41) Expresion -> ~ . Expresion
    (23) Expresion -> . BOOL_CONST
    (24) Expresion -> . STR_CONST
    (25) Expresion -> . INT_CONST
    (26) Expresion -> . OBJECTID
    (27) Expresion -> . { lista_exprs }
    (28) Expresion -> . NEW TYPEID
    (29) Expresion -> . CASE error OF lista_ramas ESAC
    (30) Expresion -> . CASE Expresion OF lista_ramas ESAC
    (31) Expresion -> . LET lista_let IN Expresion
    (32) Expresion -> . WHILE Expresion LOOP Expresion POOL
    (33) Expresion -> . IF Expresion THEN Expresion ELSE Expresion FI
    (34) Expresion -> . OBJECTID ( lista_args )
    (35) Expresion -> . OBJECTID ( )
    (36) Expresion -> . Expresion . OBJECTID ( lista_args )
    (37) Expresion -> . Expresion . OBJECTID ( )
    (38) Expresion -> . Expresion @ TYPEID . OBJECTID ( lista_args )
    (39) Expresion -> . Expresion @ TYPEID . OBJECTID ( )
    (40) Expresion -> . ( Expresion )
    (41) Expresion -> . ~ Expresion
    (42) Expresion -> . ISVOID Expresion
    (43) Expresion -> . NOT Expresion
    (44) Expresion -> . Expresion = Expresion
    (45) Expresion -> . Expresion LE Expresion
    (46) Expresion -> . Expresion < Expresion
    (47) Expresion -> . Expresion / Expresion
    (48) Expresion -> . Expresion * Expresion
    (49) Expresion -> . Expresion - Expresion
    (50) Expresion -> . Expresion + Expresion
    (51) Expresion -> . OBJECTID ASSIGN Expresion
    BOOL_CONST      shift and go to state 49
    STR_CONST       shift and go to state 50
    INT_CONST       shift and go to state 51
    OBJECTID        shift and go to state 47
    {               shift and go to state 52
    NEW             shift and go to state 53
    CASE            shift and go to state 54
    LET             shift and go to state 55
    WHILE           shift and go to state 56
    IF              shift and go to state 57
    (               shift and go to state 58
    ~               shift and go to state 59
    ISVOID          shift and go to state 60
    NOT             shift and go to state 61

    Expresion                      shift and go to state 88

state 60

    (42) Expresion -> ISVOID . Expresion
    (23) Expresion -> . BOOL_CONST
    (24) Expresion -> . STR_CONST
    (25) Expresion -> . INT_CONST
    (26) Expresion -> . OBJECTID
    (27) Expresion -> . { lista_exprs }
    (28) Expresion -> . NEW TYPEID
    (29) Expresion -> . CASE error OF lista_ramas ESAC
    (30) Expresion -> . CASE Expresion OF lista_ramas ESAC
    (31) Expresion -> . LET lista_let IN Expresion
    (32) Expresion -> . WHILE Expresion LOOP Expresion POOL
    (33) Expresion -> . IF Expresion THEN Expresion ELSE Expresion FI
    (34) Expresion -> . OBJECTID ( lista_args )
    (35) Expresion -> . OBJECTID ( )
    (36) Expresion -> . Expresion . OBJECTID ( lista_args )
    (37) Expresion -> . Expresion . OBJECTID ( )
    (38) Expresion -> . Expresion @ TYPEID . OBJECTID ( lista_args )
    (39) Expresion -> . Expresion @ TYPEID . OBJECTID ( )
    (40) Expresion -> . ( Expresion )
    (41) Expresion -> . ~ Expresion
    (42) Expresion -> . ISVOID Expresion
    (43) Expresion -> . NOT Expresion
    (44) Expresion -> . Expresion = Expresion
    (45) Expresion -> . Expresion LE Expresion
    (46) Expresion -> . Expresion < Expresion
    (47) Expresion -> . Expresion / Expresion
    (48) Expresion -> . Expresion * Expresion
    (49) Expresion -> . Expresion - Expresion
    (50) Expresion -> . Expresion + Expresion
    (51) Expresion -> . OBJECTID ASSIGN Expresion
    BOOL_CONST      shift and go to state 49
    STR_CONST       shift and go to state 50
    INT_CONST       shift and go to state 51
    OBJECTID        shift and go to state 47
    {               shift and go to state 52
    NEW             shift and go to state 53
    CASE            shift and go to state 54
    LET             shift and go to state 55
    WHILE           shift and go to state 56
    IF              shift and go to state 57
    (               shift and go to state 58
    ~               shift and go to state 59
    ISVOID          shift and go to state 60
    NOT             shift and go to state 61

    Expresion                      shift and go to state 89

state 61

    (43) Expresion -> NOT . Expresion
    (23) Expresion -> . BOOL_CONST
    (24) Expresion -> . STR_CONST
    (25) Expresion -> . INT_CONST
    (26) Expresion -> . OBJECTID
    (27) Expresion -> . { lista_exprs }
    (28) Expresion -> . NEW TYPEID
    (29) Expresion -> . CASE error OF lista_ramas ESAC
    (30) Expresion -> . CASE Expresion OF lista_ramas ESAC
    (31) Expresion -> . LET lista_let IN Expresion
    (32) Expresion -> . WHILE Expresion LOOP Expresion POOL
    (33) Expresion -> . IF Expresion THEN Expresion ELSE Expresion FI
    (34) Expresion -> . OBJECTID ( lista_args )
    (35) Expresion -> . OBJECTID ( )
    (36) Expresion -> . Expresion . OBJECTID ( lista_args )
    (37) Expresion -> . Expresion . OBJECTID ( )
    (38) Expresion -> . Expresion @ TYPEID . OBJECTID ( lista_args )
    (39) Expresion -> . Expresion @ TYPEID . OBJECTID ( )
    (40) Expresion -> . ( Expresion )
    (41) Expresion -> . ~ Expresion
    (42) Expresion -> . ISVOID Expresion
    (43) Expresion -> . NOT Expresion
    (44) Expresion -> . Expresion = Expresion
    (45) Expresion -> . Expresion LE Expresion
    (46) Expresion -> . Expresion < Expresion
    (47) Expresion -> . Expresion / Expresion
    (48) Expresion -> . Expresion * Expresion
    (49) Expresion -> . Expresion - Expresion
    (50) Expresion -> . Expresion + Expresion
    (51) Expresion -> . OBJECTID ASSIGN Expresion
    BOOL_CONST      shift and go to state 49
    STR_CONST       shift and go to state 50
    INT_CONST       shift and go to state 51
    OBJECTID        shift and go to state 47
    {               shift and go to state 52
    NEW             shift and go to state 53
    CASE            shift and go to state 54
    LET             shift and go to state 55
    WHILE           shift and go to state 56
    IF              shift and go to state 57
    (               shift and go to state 58
    ~               shift and go to state 59
    ISVOID          shift and go to state 60
    NOT             shift and go to state 61

    Expresion                      shift and go to state 90

state 62

    (17) metodo -> OBJECTID ( lista_formales ) : TYPEID . { Expresion } ;
    {               shift and go to state 91


state 63

    (18) metodo -> OBJECTID ( ) : TYPEID { . Expresion } ;
    (23) Expresion -> . BOOL_CONST
    (24) Expresion -> . STR_CONST
    (25) Expresion -> . INT_CONST
    (26) Expresion -> . OBJECTID
    (27) Expresion -> . { lista_exprs }
    (28) Expresion -> . NEW TYPEID
    (29) Expresion -> . CASE error OF lista_ramas ESAC
    (30) Expresion -> . CASE Expresion OF lista_ramas ESAC
    (31) Expresion -> . LET lista_let IN Expresion
    (32) Expresion -> . WHILE Expresion LOOP Expresion POOL
    (33) Expresion -> . IF Expresion THEN Expresion ELSE Expresion FI
    (34) Expresion -> . OBJECTID ( lista_args )
    (35) Expresion -> . OBJECTID ( )
    (36) Expresion -> . Expresion . OBJECTID ( lista_args )
    (37) Expresion -> . Expresion . OBJECTID ( )
    (38) Expresion -> . Expresion @ TYPEID . OBJECTID ( lista_args )
    (39) Expresion -> . Expresion @ TYPEID . OBJECTID ( )
    (40) Expresion -> . ( Expresion )
    (41) Expresion -> . ~ Expresion
    (42) Expresion -> . ISVOID Expresion
    (43) Expresion -> . NOT Expresion
    (44) Expresion -> . Expresion = Expresion
    (45) Expresion -> . Expresion LE Expresion
    (46) Expresion -> . Expresion < Expresion
    (47) Expresion -> . Expresion / Expresion
    (48) Expresion -> . Expresion * Expresion
    (49) Expresion -> . Expresion - Expresion
    (50) Expresion -> . Expresion + Expresion
    (51) Expresion -> . OBJECTID ASSIGN Expresion
    BOOL_CONST      shift and go to state 49
    STR_CONST       shift and go to state 50
    INT_CONST       shift and go to state 51
    OBJECTID        shift and go to state 47
    {               shift and go to state 52
    NEW             shift and go to state 53
    CASE            shift and go to state 54
    LET             shift and go to state 55
    WHILE           shift and go to state 56
    IF              shift and go to state 57
    (               shift and go to state 58
    ~               shift and go to state 59
    ISVOID          shift and go to state 60
    NOT             shift and go to state 61

    Expresion                      shift and go to state 92

state 64

    (34) Expresion -> OBJECTID ( . lista_args )
    (35) Expresion -> OBJECTID ( . )
    (64) lista_args -> . lista_args , Expresion
    (65) lista_args -> . Expresion
    (23) Expresion -> . BOOL_CONST
    (24) Expresion -> . STR_CONST
    (25) Expresion -> . INT_CONST
    (26) Expresion -> . OBJECTID
    (27) Expresion -> . { lista_exprs }
    (28) Expresion -> . NEW TYPEID
    (29) Expresion -> . CASE error OF lista_ramas ESAC
    (30) Expresion -> . CASE Expresion OF lista_ramas ESAC
    (31) Expresion -> . LET lista_let IN Expresion
    (32) Expresion -> . WHILE Expresion LOOP Expresion POOL
    (33) Expresion -> . IF Expresion THEN Expresion ELSE Expresion FI
    (34) Expresion -> . OBJECTID ( lista_args )
    (35) Expresion -> . OBJECTID ( )
    (36) Expresion -> . Expresion . OBJECTID ( lista_args )
    (37) Expresion -> . Expresion . OBJECTID ( )
    (38) Expresion -> . Expresion @ TYPEID . OBJECTID ( lista_args )
    (39) Expresion -> . Expresion @ TYPEID . OBJECTID ( )
    (40) Expresion -> . ( Expresion )
    (41) Expresion -> . ~ Expresion
    (42) Expresion -> . ISVOID Expresion
    (43) Expresion -> . NOT Expresion
    (44) Expresion -> . Expresion = Expresion
    (45) Expresion -> . Expresion LE Expresion
    (46) Expresion -> . Expresion < Expresion
    (47) Expresion -> . Expresion / Expresion
    (48) Expresion -> . Expresion * Expresion
    (49) Expresion -> . Expresion - Expresion
    (50) Expresion -> . Expresion + Expresion
    (51) Expresion -> . OBJECTID ASSIGN Expresion
    )               shift and go to state 94
    BOOL_CONST      shift and go to state 49
    STR_CONST       shift and go to state 50
    INT_CONST       shift and go to state 51
    OBJECTID        shift and go to state 47
    {               shift and go to state 52
    NEW             shift and go to state 53
    CASE            shift and go to state 54
    LET             shift and go to state 55
    WHILE           shift and go to state 56
    IF              shift and go to state 57
    (               shift and go to state 58
    ~               shift and go to state 59
    ISVOID          shift and go to state 60
    NOT             shift and go to state 61

    lista_args                     shift and go to state 93
    Expresion                      shift and go to state 95

state 65

    (51) Expresion -> OBJECTID ASSIGN . Expresion
    (23) Expresion -> . BOOL_CONST
    (24) Expresion -> . STR_CONST
    (25) Expresion -> . INT_CONST
    (26) Expresion -> . OBJECTID
    (27) Expresion -> . { lista_exprs }
    (28) Expresion -> . NEW TYPEID
    (29) Expresion -> . CASE error OF lista_ramas ESAC
    (30) Expresion -> . CASE Expresion OF lista_ramas ESAC
    (31) Expresion -> . LET lista_let IN Expresion
    (32) Expresion -> . WHILE Expresion LOOP Expresion POOL
    (33) Expresion -> . IF Expresion THEN Expresion ELSE Expresion FI
    (34) Expresion -> . OBJECTID ( lista_args )
    (35) Expresion -> . OBJECTID ( )
    (36) Expresion -> . Expresion . OBJECTID ( lista_args )
    (37) Expresion -> . Expresion . OBJECTID ( )
    (38) Expresion -> . Expresion @ TYPEID . OBJECTID ( lista_args )
    (39) Expresion -> . Expresion @ TYPEID . OBJECTID ( )
    (40) Expresion -> . ( Expresion )
    (41) Expresion -> . ~ Expresion
    (42) Expresion -> . ISVOID Expresion
    (43) Expresion -> . NOT Expresion
    (44) Expresion -> . Expresion = Expresion
    (45) Expresion -> . Expresion LE Expresion
    (46) Expresion -> . Expresion < Expresion
    (47) Expresion -> . Expresion / Expresion
    (48) Expresion -> . Expresion * Expresion
    (49) Expresion -> . Expresion - Expresion
    (50) Expresion -> . Expresion + Expresion
    (51) Expresion -> . OBJECTID ASSIGN Expresion
    BOOL_CONST      shift and go to state 49
    STR_CONST       shift and go to state 50
    INT_CONST       shift and go to state 51
    OBJECTID        shift and go to state 47
    {               shift and go to state 52
    NEW             shift and go to state 53
    CASE            shift and go to state 54
    LET             shift and go to state 55
    WHILE           shift and go to state 56
    IF              shift and go to state 57
    (               shift and go to state 58
    ~               shift and go to state 59
    ISVOID          shift and go to state 60
    NOT             shift and go to state 61

    Expresion                      shift and go to state 96

state 66

    (14) atributo -> OBJECTID : TYPEID ASSIGN Expresion ; .
    }               reduce using rule 14 (atributo -> OBJECTID : TYPEID ASSIGN Expresion ; .)
    error           reduce using rule 14 (atributo -> OBJECTID : TYPEID ASSIGN Expresion ; .)
    OBJECTID        reduce using rule 14 (atributo -> OBJECTID : TYPEID ASSIGN Expresion ; .)


state 67

    (36) Expresion -> Expresion . . OBJECTID ( lista_args )
    (37) Expresion -> Expresion . . OBJECTID ( )
    OBJECTID        shift and go to state 97


state 68

    (38) Expresion -> Expresion @ . TYPEID . OBJECTID ( lista_args )
    (39) Expresion -> Expresion @ . TYPEID . OBJECTID ( )
    TYPEID          shift and go to state 98


state 69

    (44) Expresion -> Expresion = . Expresion
    (23) Expresion -> . BOOL_CONST
    (24) Expresion -> . STR_CONST
    (25) Expresion -> . INT_CONST
    (26) Expresion -> . OBJECTID
    (27) Expresion -> . { lista_exprs }
    (28) Expresion -> . NEW TYPEID
    (29) Expresion -> . CASE error OF lista_ramas ESAC
    (30) Expresion -> . CASE Expresion OF lista_ramas ESAC
    (31) Expresion -> . LET lista_let IN Expresion
    (32) Expresion -> . WHILE Expresion LOOP Expresion POOL
    (33) Expresion -> . IF Expresion THEN Expresion ELSE Expresion FI
    (34) Expresion -> . OBJECTID ( lista_args )
    (35) Expresion -> . OBJECTID ( )
    (36) Expresion -> . Expresion . OBJECTID ( lista_args )
    (37) Expresion -> . Expresion . OBJECTID ( )
    (38) Expresion -> . Expresion @ TYPEID . OBJECTID ( lista_args )
    (39) Expresion -> . Expresion @ TYPEID . OBJECTID ( )
    (40) Expresion -> . ( Expresion )
    (41) Expresion -> . ~ Expresion
    (42) Expresion -> . ISVOID Expresion
    (43) Expresion -> . NOT Expresion
    (44) Expresion -> . Expresion = Expresion
    (45) Expresion -> . Expresion LE Expresion
    (46) Expresion -> . Expresion < Expresion
    (47) Expresion -> . Expresion / Expresion
    (48) Expresion -> . Expresion * Expresion
    (49) Expresion -> . Expresion - Expresion
    (50) Expresion -> . Expresion + Expresion
    (51) Expresion -> . OBJECTID ASSIGN Expresion
    BOOL_CONST      shift and go to state 49
    STR_CONST       shift and go to state 50
    INT_CONST       shift and go to state 51
    OBJECTID        shift and go to state 47
    {               shift and go to state 52
    NEW             shift and go to state 53
    CASE            shift and go to state 54
    LET             shift and go to state 55
    WHILE           shift and go to state 56
    IF              shift and go to state 57
    (               shift and go to state 58
    ~               shift and go to state 59
    ISVOID          shift and go to state 60
    NOT             shift and go to state 61

    Expresion                      shift and go to state 99

state 70

    (45) Expresion -> Expresion LE . Expresion
    (23) Expresion -> . BOOL_CONST
    (24) Expresion -> . STR_CONST
    (25) Expresion -> . INT_CONST
    (26) Expresion -> . OBJECTID
    (27) Expresion -> . { lista_exprs }
    (28) Expresion -> . NEW TYPEID
    (29) Expresion -> . CASE error OF lista_ramas ESAC
    (30) Expresion -> . CASE Expresion OF lista_ramas ESAC
    (31) Expresion -> . LET lista_let IN Expresion
    (32) Expresion -> . WHILE Expresion LOOP Expresion POOL
    (33) Expresion -> . IF Expresion THEN Expresion ELSE Expresion FI
    (34) Expresion -> . OBJECTID ( lista_args )
    (35) Expresion -> . OBJECTID ( )
    (36) Expresion -> . Expresion . OBJECTID ( lista_args )
    (37) Expresion -> . Expresion . OBJECTID ( )
    (38) Expresion -> . Expresion @ TYPEID . OBJECTID ( lista_args )
    (39) Expresion -> . Expresion @ TYPEID . OBJECTID ( )
    (40) Expresion -> . ( Expresion )
    (41) Expresion -> . ~ Expresion
    (42) Expresion -> . ISVOID Expresion
    (43) Expresion -> . NOT Expresion
    (44) Expresion -> . Expresion = Expresion
    (45) Expresion -> . Expresion LE Expresion
    (46) Expresion -> . Expresion < Expresion
    (47) Expresion -> . Expresion / Expresion
    (48) Expresion -> . Expresion * Expresion
    (49) Expresion -> . Expresion - Expresion
    (50) Expresion -> . Expresion + Expresion
    (51) Expresion -> . OBJECTID ASSIGN Expresion
    BOOL_CONST      shift and go to state 49
    STR_CONST       shift and go to state 50
    INT_CONST       shift and go to state 51
    OBJECTID        shift and go to state 47
    {               shift and go to state 52
    NEW             shift and go to state 53
    CASE            shift and go to state 54
    LET             shift and go to state 55
    WHILE           shift and go to state 56
    IF              shift and go to state 57
    (               shift and go to state 58
    ~               shift and go to state 59
    ISVOID          shift and go to state 60
    NOT             shift and go to state 61

    Expresion                      shift and go to state 100

state 71

    (46) Expresion -> Expresion < . Expresion
    (23) Expresion -> . BOOL_CONST
    (24) Expresion -> . STR_CONST
    (25) Expresion -> . INT_CONST
    (26) Expresion -> . OBJECTID
    (27) Expresion -> . { lista_exprs }
    (28) Expresion -> . NEW TYPEID
    (29) Expresion -> . CASE error OF lista_ramas ESAC
    (30) Expresion -> . CASE Expresion OF lista_ramas ESAC
    (31) Expresion -> . LET lista_let IN Expresion
    (32) Expresion -> . WHILE Expresion LOOP Expresion POOL
    (33) Expresion -> . IF Expresion THEN Expresion ELSE Expresion FI
    (34) Expresion -> . OBJECTID ( lista_args )
    (35) Expresion -> . OBJECTID ( )
    (36) Expresion -> . Expresion . OBJECTID ( lista_args )
    (37) Expresion -> . Expresion . OBJECTID ( )
    (38) Expresion -> . Expresion @ TYPEID . OBJECTID ( lista_args )
    (39) Expresion -> . Expresion @ TYPEID . OBJECTID ( )
    (40) Expresion -> . ( Expresion )
    (41) Expresion -> . ~ Expresion
    (42) Expresion -> . ISVOID Expresion
    (43) Expresion -> . NOT Expresion
    (44) Expresion -> . Expresion = Expresion
    (45) Expresion -> . Expresion LE Expresion
    (46) Expresion -> . Expresion < Expresion
    (47) Expresion -> . Expresion / Expresion
    (48) Expresion -> . Expresion * Expresion
    (49) Expresion -> . Expresion - Expresion
    (50) Expresion -> . Expresion + Expresion
    (51) Expresion -> . OBJECTID ASSIGN Expresion
    BOOL_CONST      shift and go to state 49
    STR_CONST       shift and go to state 50
    INT_CONST       shift and go to state 51
    OBJECTID        shift and go to state 47
    {               shift and go to state 52
    NEW             shift and go to state 53
    CASE            shift and go to state 54
    LET             shift and go to state 55
    WHILE           shift and go to state 56
    IF              shift and go to state 57
    (               shift and go to state 58
    ~               shift and go to state 59
    ISVOID          shift and go to state 60
    NOT             shift and go to state 61

    Expresion                      shift and go to state 101

state 72

    (47) Expresion -> Expresion / . Expresion
    (23) Expresion -> . BOOL_CONST
    (24) Expresion -> . STR_CONST
    (25) Expresion -> . INT_CONST
    (26) Expresion -> . OBJECTID
    (27) Expresion -> . { lista_exprs }
    (28) Expresion -> . NEW TYPEID
    (29) Expresion -> . CASE error OF lista_ramas ESAC
    (30) Expresion -> . CASE Expresion OF lista_ramas ESAC
    (31) Expresion -> . LET lista_let IN Expresion
    (32) Expresion -> . WHILE Expresion LOOP Expresion POOL
    (33) Expresion -> . IF Expresion THEN Expresion ELSE Expresion FI
    (34) Expresion -> . OBJECTID ( lista_args )
    (35) Expresion -> . OBJECTID ( )
    (36) Expresion -> . Expresion . OBJECTID ( lista_args )
    (37) Expresion -> . Expresion . OBJECTID ( )
    (38) Expresion -> . Expresion @ TYPEID . OBJECTID ( lista_args )
    (39) Expresion -> . Expresion @ TYPEID . OBJECTID ( )
    (40) Expresion -> . ( Expresion )
    (41) Expresion -> . ~ Expresion
    (42) Expresion -> . ISVOID Expresion
    (43) Expresion -> . NOT Expresion
    (44) Expresion -> . Expresion = Expresion
    (45) Expresion -> . Expresion LE Expresion
    (46) Expresion -> . Expresion < Expresion
    (47) Expresion -> . Expresion / Expresion
    (48) Expresion -> . Expresion * Expresion
    (49) Expresion -> . Expresion - Expresion
    (50) Expresion -> . Expresion + Expresion
    (51) Expresion -> . OBJECTID ASSIGN Expresion
    BOOL_CONST      shift and go to state 49
    STR_CONST       shift and go to state 50
    INT_CONST       shift and go to state 51
    OBJECTID        shift and go to state 47
    {               shift and go to state 52
    NEW             shift and go to state 53
    CASE            shift and go to state 54
    LET             shift and go to state 55
    WHILE           shift and go to state 56
    IF              shift and go to state 57
    (               shift and go to state 58
    ~               shift and go to state 59
    ISVOID          shift and go to state 60
    NOT             shift and go to state 61

    Expresion                      shift and go to state 102

state 73

    (48) Expresion -> Expresion * . Expresion
    (23) Expresion -> . BOOL_CONST
    (24) Expresion -> . STR_CONST
    (25) Expresion -> . INT_CONST
    (26) Expresion -> . OBJECTID
    (27) Expresion -> . { lista_exprs }
    (28) Expresion -> . NEW TYPEID
    (29) Expresion -> . CASE error OF lista_ramas ESAC
    (30) Expresion -> . CASE Expresion OF lista_ramas ESAC
    (31) Expresion -> . LET lista_let IN Expresion
    (32) Expresion -> . WHILE Expresion LOOP Expresion POOL
    (33) Expresion -> . IF Expresion THEN Expresion ELSE Expresion FI
    (34) Expresion -> . OBJECTID ( lista_args )
    (35) Expresion -> . OBJECTID ( )
    (36) Expresion -> . Expresion . OBJECTID ( lista_args )
    (37) Expresion -> . Expresion . OBJECTID ( )
    (38) Expresion -> . Expresion @ TYPEID . OBJECTID ( lista_args )
    (39) Expresion -> . Expresion @ TYPEID . OBJECTID ( )
    (40) Expresion -> . ( Expresion )
    (41) Expresion -> . ~ Expresion
    (42) Expresion -> . ISVOID Expresion
    (43) Expresion -> . NOT Expresion
    (44) Expresion -> . Expresion = Expresion
    (45) Expresion -> . Expresion LE Expresion
    (46) Expresion -> . Expresion < Expresion
    (47) Expresion -> . Expresion / Expresion
    (48) Expresion -> . Expresion * Expresion
    (49) Expresion -> . Expresion - Expresion
    (50) Expresion -> . Expresion + Expresion
    (51) Expresion -> . OBJECTID ASSIGN Expresion
    BOOL_CONST      shift and go to state 49
    STR_CONST       shift and go to state 50
    INT_CONST       shift and go to state 51
    OBJECTID        shift and go to state 47
    {               shift and go to state 52
    NEW             shift and go to state 53
    CASE            shift and go to state 54
    LET             shift and go to state 55
    WHILE           shift and go to state 56
    IF              shift and go to state 57
    (               shift and go to state 58
    ~               shift and go to state 59
    ISVOID          shift and go to state 60
    NOT             shift and go to state 61

    Expresion                      shift and go to state 103

state 74

    (49) Expresion -> Expresion - . Expresion
    (23) Expresion -> . BOOL_CONST
    (24) Expresion -> . STR_CONST
    (25) Expresion -> . INT_CONST
    (26) Expresion -> . OBJECTID
    (27) Expresion -> . { lista_exprs }
    (28) Expresion -> . NEW TYPEID
    (29) Expresion -> . CASE error OF lista_ramas ESAC
    (30) Expresion -> . CASE Expresion OF lista_ramas ESAC
    (31) Expresion -> . LET lista_let IN Expresion
    (32) Expresion -> . WHILE Expresion LOOP Expresion POOL
    (33) Expresion -> . IF Expresion THEN Expresion ELSE Expresion FI
    (34) Expresion -> . OBJECTID ( lista_args )
    (35) Expresion -> . OBJECTID ( )
    (36) Expresion -> . Expresion . OBJECTID ( lista_args )
    (37) Expresion -> . Expresion . OBJECTID ( )
    (38) Expresion -> . Expresion @ TYPEID . OBJECTID ( lista_args )
    (39) Expresion -> . Expresion @ TYPEID . OBJECTID ( )
    (40) Expresion -> . ( Expresion )
    (41) Expresion -> . ~ Expresion
    (42) Expresion -> . ISVOID Expresion
    (43) Expresion -> . NOT Expresion
    (44) Expresion -> . Expresion = Expresion
    (45) Expresion -> . Expresion LE Expresion
    (46) Expresion -> . Expresion < Expresion
    (47) Expresion -> . Expresion / Expresion
    (48) Expresion -> . Expresion * Expresion
    (49) Expresion -> . Expresion - Expresion
    (50) Expresion -> . Expresion + Expresion
    (51) Expresion -> . OBJECTID ASSIGN Expresion
    BOOL_CONST      shift and go to state 49
    STR_CONST       shift and go to state 50
    INT_CONST       shift and go to state 51
    OBJECTID        shift and go to state 47
    {               shift and go to state 52
    NEW             shift and go to state 53
    CASE            shift and go to state 54
    LET             shift and go to state 55
    WHILE           shift and go to state 56
    IF              shift and go to state 57
    (               shift and go to state 58
    ~               shift and go to state 59
    ISVOID          shift and go to state 60
    NOT             shift and go to state 61

    Expresion                      shift and go to state 104

state 75

    (50) Expresion -> Expresion + . Expresion
    (23) Expresion -> . BOOL_CONST
    (24) Expresion -> . STR_CONST
    (25) Expresion -> . INT_CONST
    (26) Expresion -> . OBJECTID
    (27) Expresion -> . { lista_exprs }
    (28) Expresion -> . NEW TYPEID
    (29) Expresion -> . CASE error OF lista_ramas ESAC
    (30) Expresion -> . CASE Expresion OF lista_ramas ESAC
    (31) Expresion -> . LET lista_let IN Expresion
    (32) Expresion -> . WHILE Expresion LOOP Expresion POOL
    (33) Expresion -> . IF Expresion THEN Expresion ELSE Expresion FI
    (34) Expresion -> . OBJECTID ( lista_args )
    (35) Expresion -> . OBJECTID ( )
    (36) Expresion -> . Expresion . OBJECTID ( lista_args )
    (37) Expresion -> . Expresion . OBJECTID ( )
    (38) Expresion -> . Expresion @ TYPEID . OBJECTID ( lista_args )
    (39) Expresion -> . Expresion @ TYPEID . OBJECTID ( )
    (40) Expresion -> . ( Expresion )
    (41) Expresion -> . ~ Expresion
    (42) Expresion -> . ISVOID Expresion
    (43) Expresion -> . NOT Expresion
    (44) Expresion -> . Expresion = Expresion
    (45) Expresion -> . Expresion LE Expresion
    (46) Expresion -> . Expresion < Expresion
    (47) Expresion -> . Expresion / Expresion
    (48) Expresion -> . Expresion * Expresion
    (49) Expresion -> . Expresion - Expresion
    (50) Expresion -> . Expresion + Expresion
    (51) Expresion -> . OBJECTID ASSIGN Expresion
    BOOL_CONST      shift and go to state 49
    STR_CONST       shift and go to state 50
    INT_CONST       shift and go to state 51
    OBJECTID        shift and go to state 47
    {               shift and go to state 52
    NEW             shift and go to state 53
    CASE            shift and go to state 54
    LET             shift and go to state 55
    WHILE           shift and go to state 56
    IF              shift and go to state 57
    (               shift and go to state 58
    ~               shift and go to state 59
    ISVOID          shift and go to state 60
    NOT             shift and go to state 61

    Expresion                      shift and go to state 105

state 76

    (27) Expresion -> { lista_exprs . }
    (60) lista_exprs -> lista_exprs . error ;
    (62) lista_exprs -> lista_exprs . Expresion ;
    (23) Expresion -> . BOOL_CONST
    (24) Expresion -> . STR_CONST
    (25) Expresion -> . INT_CONST
    (26) Expresion -> . OBJECTID
    (27) Expresion -> . { lista_exprs }
    (28) Expresion -> . NEW TYPEID
    (29) Expresion -> . CASE error OF lista_ramas ESAC
    (30) Expresion -> . CASE Expresion OF lista_ramas ESAC
    (31) Expresion -> . LET lista_let IN Expresion
    (32) Expresion -> . WHILE Expresion LOOP Expresion POOL
    (33) Expresion -> . IF Expresion THEN Expresion ELSE Expresion FI
    (34) Expresion -> . OBJECTID ( lista_args )
    (35) Expresion -> . OBJECTID ( )
    (36) Expresion -> . Expresion . OBJECTID ( lista_args )
    (37) Expresion -> . Expresion . OBJECTID ( )
    (38) Expresion -> . Expresion @ TYPEID . OBJECTID ( lista_args )
    (39) Expresion -> . Expresion @ TYPEID . OBJECTID ( )
    (40) Expresion -> . ( Expresion )
    (41) Expresion -> . ~ Expresion
    (42) Expresion -> . ISVOID Expresion
    (43) Expresion -> . NOT Expresion
    (44) Expresion -> . Expresion = Expresion
    (45) Expresion -> . Expresion LE Expresion
    (46) Expresion -> . Expresion < Expresion
    (47) Expresion -> . Expresion / Expresion
    (48) Expresion -> . Expresion * Expresion
    (49) Expresion -> . Expresion - Expresion
    (50) Expresion -> . Expresion + Expresion
    (51) Expresion -> . OBJECTID ASSIGN Expresion
    }               shift and go to state 106
    error           shift and go to state 107
    BOOL_CONST      shift and go to state 49
    STR_CONST       shift and go to state 50
    INT_CONST       shift and go to state 51
    OBJECTID        shift and go to state 47
    {               shift and go to state 52
    NEW             shift and go to state 53
    CASE            shift and go to state 54
    LET             shift and go to state 55
    WHILE           shift and go to state 56
    IF              shift and go to state 57
    (               shift and go to state 58
    ~               shift and go to state 59
    ISVOID          shift and go to state 60
    NOT             shift and go to state 61

    Expresion                      shift and go to state 108

state 77

    (61) lista_exprs -> error . ;
    ;               shift and go to state 109


state 78

    (63) lista_exprs -> Expresion . ;
    (36) Expresion -> Expresion . . OBJECTID ( lista_args )
    (37) Expresion -> Expresion . . OBJECTID ( )
    (38) Expresion -> Expresion . @ TYPEID . OBJECTID ( lista_args )
    (39) Expresion -> Expresion . @ TYPEID . OBJECTID ( )
    (44) Expresion -> Expresion . = Expresion
    (45) Expresion -> Expresion . LE Expresion
    (46) Expresion -> Expresion . < Expresion
    (47) Expresion -> Expresion . / Expresion
    (48) Expresion -> Expresion . * Expresion
    (49) Expresion -> Expresion . - Expresion
    (50) Expresion -> Expresion . + Expresion
    ;               shift and go to state 110
    .               shift and go to state 67
    @               shift and go to state 68
    =               shift and go to state 69
    LE              shift and go to state 70
    <               shift and go to state 71
    /               shift and go to state 72
    *               shift and go to state 73
    -               shift and go to state 74
    +               shift and go to state 75


state 79

    (28) Expresion -> NEW TYPEID .
    ;               reduce using rule 28 (Expresion -> NEW TYPEID .)
    .               reduce using rule 28 (Expresion -> NEW TYPEID .)
    @               reduce using rule 28 (Expresion -> NEW TYPEID .)
    =               reduce using rule 28 (Expresion -> NEW TYPEID .)
    LE              reduce using rule 28 (Expresion -> NEW TYPEID .)
    <               reduce using rule 28 (Expresion -> NEW TYPEID .)
    /               reduce using rule 28 (Expresion -> NEW TYPEID .)
    *               reduce using rule 28 (Expresion -> NEW TYPEID .)
    -               reduce using rule 28 (Expresion -> NEW TYPEID .)
    +               reduce using rule 28 (Expresion -> NEW TYPEID .)
    OF              reduce using rule 28 (Expresion -> NEW TYPEID .)
    LOOP            reduce using rule 28 (Expresion -> NEW TYPEID .)
    THEN            reduce using rule 28 (Expresion -> NEW TYPEID .)
    )               reduce using rule 28 (Expresion -> NEW TYPEID .)
    }               reduce using rule 28 (Expresion -> NEW TYPEID .)
    ,               reduce using rule 28 (Expresion -> NEW TYPEID .)
    POOL            reduce using rule 28 (Expresion -> NEW TYPEID .)
    ELSE            reduce using rule 28 (Expresion -> NEW TYPEID .)
    IN              reduce using rule 28 (Expresion -> NEW TYPEID .)
    FI              reduce using rule 28 (Expresion -> NEW TYPEID .)


state 80

    (29) Expresion -> CASE error . OF lista_ramas ESAC
    OF              shift and go to state 111


state 81

    (30) Expresion -> CASE Expresion . OF lista_ramas ESAC
    (36) Expresion -> Expresion . . OBJECTID ( lista_args )
    (37) Expresion -> Expresion . . OBJECTID ( )
    (38) Expresion -> Expresion . @ TYPEID . OBJECTID ( lista_args )
    (39) Expresion -> Expresion . @ TYPEID . OBJECTID ( )
    (44) Expresion -> Expresion . = Expresion
    (45) Expresion -> Expresion . LE Expresion
    (46) Expresion -> Expresion . < Expresion
    (47) Expresion -> Expresion . / Expresion
    (48) Expresion -> Expresion . * Expresion
    (49) Expresion -> Expresion . - Expresion
    (50) Expresion -> Expresion . + Expresion
    OF              shift and go to state 112
    .               shift and go to state 67
    @               shift and go to state 68
    =               shift and go to state 69
    LE              shift and go to state 70
    <               shift and go to state 71
    /               shift and go to state 72
    *               shift and go to state 73
    -               shift and go to state 74
    +               shift and go to state 75


state 82

    (31) Expresion -> LET lista_let . IN Expresion
    (52) lista_let -> lista_let . , binding_let
    IN              shift and go to state 113
    ,               shift and go to state 114


state 83

    (53) lista_let -> binding_let .
    IN              reduce using rule 53 (lista_let -> binding_let .)
    ,               reduce using rule 53 (lista_let -> binding_let .)


state 84

    (54) binding_let -> OBJECTID . : TYPEID ASSIGN error
    (55) binding_let -> OBJECTID . : TYPEID ASSIGN Expresion
    (56) binding_let -> OBJECTID . : TYPEID
    :               shift and go to state 115


state 85

    (32) Expresion -> WHILE Expresion . LOOP Expresion POOL
    (36) Expresion -> Expresion . . OBJECTID ( lista_args )
    (37) Expresion -> Expresion . . OBJECTID ( )
    (38) Expresion -> Expresion . @ TYPEID . OBJECTID ( lista_args )
    (39) Expresion -> Expresion . @ TYPEID . OBJECTID ( )
    (44) Expresion -> Expresion . = Expresion
    (45) Expresion -> Expresion . LE Expresion
    (46) Expresion -> Expresion . < Expresion
    (47) Expresion -> Expresion . / Expresion
    (48) Expresion -> Expresion . * Expresion
    (49) Expresion -> Expresion . - Expresion
    (50) Expresion -> Expresion . + Expresion
    LOOP            shift and go to state 116
    .               shift and go to state 67
    @               shift and go to state 68
    =               shift and go to state 69
    LE              shift and go to state 70
    <               shift and go to state 71
    /               shift and go to state 72
    *               shift and go to state 73
    -               shift and go to state 74
    +               shift and go to state 75


state 86

    (33) Expresion -> IF Expresion . THEN Expresion ELSE Expresion FI
    (36) Expresion -> Expresion . . OBJECTID ( lista_args )
    (37) Expresion -> Expresion . . OBJECTID ( )
    (38) Expresion -> Expresion . @ TYPEID . OBJECTID ( lista_args )
    (39) Expresion -> Expresion . @ TYPEID . OBJECTID ( )
    (44) Expresion -> Expresion . = Expresion
    (45) Expresion -> Expresion . LE Expresion
    (46) Expresion -> Expresion . < Expresion
    (47) Expresion -> Expresion . / Expresion
    (48) Expresion -> Expresion . * Expresion
    (49) Expresion -> Expresion . - Expresion
    (50) Expresion -> Expresion . + Expresion
    THEN            shift and go to state 117
    .               shift and go to state 67
    @               shift and go to state 68
    =               shift and go to state 69
    LE              shift and go to state 70
    <               shift and go to state 71
    /               shift and go to state 72
    *               shift and go to state 73
    -               shift and go to state 74
    +               shift and go to state 75


state 87

    (40) Expresion -> ( Expresion . )
    (36) Expresion -> Expresion . . OBJECTID ( lista_args )
    (37) Expresion -> Expresion . . OBJECTID ( )
    (38) Expresion -> Expresion . @ TYPEID . OBJECTID ( lista_args )
    (39) Expresion -> Expresion . @ TYPEID . OBJECTID ( )
    (44) Expresion -> Expresion . = Expresion
    (45) Expresion -> Expresion . LE Expresion
    (46) Expresion -> Expresion . < Expresion
    (47) Expresion -> Expresion . / Expresion
    (48) Expresion -> Expresion . * Expresion
    (49) Expresion -> Expresion . - Expresion
    (50) Expresion -> Expresion . + Expresion
    )               shift and go to state 118
    .               shift and go to state 67
    @               shift and go to state 68
    =               shift and go to state 69
    LE              shift and go to state 70
    <               shift and go to state 71
    /               shift and go to state 72
    *               shift and go to state 73
    -               shift and go to state 74
    +               shift and go to state 75


state 88

    (41) Expresion -> ~ Expresion .
    (36) Expresion -> Expresion . . OBJECTID ( lista_args )
    (37) Expresion -> Expresion . . OBJECTID ( )
    (38) Expresion -> Expresion . @ TYPEID . OBJECTID ( lista_args )
    (39) Expresion -> Expresion . @ TYPEID . OBJECTID ( )
    (44) Expresion -> Expresion . = Expresion
    (45) Expresion -> Expresion . LE Expresion
    (46) Expresion -> Expresion . < Expresion
    (47) Expresion -> Expresion . / Expresion
    (48) Expresion -> Expresion . * Expresion
    (49) Expresion -> Expresion . - Expresion
    (50) Expresion -> Expresion . + Expresion
    ;               reduce using rule 41 (Expresion -> ~ Expresion .)
    =               reduce using rule 41 (Expresion -> ~ Expresion .)
    LE              reduce using rule 41 (Expresion -> ~ Expresion .)
    <               reduce using rule 41 (Expresion -> ~ Expresion .)
    /               reduce using rule 41 (Expresion -> ~ Expresion .)
    *               reduce using rule 41 (Expresion -> ~ Expresion .)
    -               reduce using rule 41 (Expresion -> ~ Expresion .)
    +               reduce using rule 41 (Expresion -> ~ Expresion .)
    OF              reduce using rule 41 (Expresion -> ~ Expresion .)
    LOOP            reduce using rule 41 (Expresion -> ~ Expresion .)
    THEN            reduce using rule 41 (Expresion -> ~ Expresion .)
    )               reduce using rule 41 (Expresion -> ~ Expresion .)
    }               reduce using rule 41 (Expresion -> ~ Expresion .)
    ,               reduce using rule 41 (Expresion -> ~ Expresion .)
    POOL            reduce using rule 41 (Expresion -> ~ Expresion .)
    ELSE            reduce using rule 41 (Expresion -> ~ Expresion .)
    IN              reduce using rule 41 (Expresion -> ~ Expresion .)
    FI              reduce using rule 41 (Expresion -> ~ Expresion .)
    .               shift and go to state 67
    @               shift and go to state 68


state 89

    (42) Expresion -> ISVOID Expresion .
    (36) Expresion -> Expresion . . OBJECTID ( lista_args )
    (37) Expresion -> Expresion . . OBJECTID ( )
    (38) Expresion -> Expresion . @ TYPEID . OBJECTID ( lista_args )
    (39) Expresion -> Expresion . @ TYPEID . OBJECTID ( )
    (44) Expresion -> Expresion . = Expresion
    (45) Expresion -> Expresion . LE Expresion
    (46) Expresion -> Expresion . < Expresion
    (47) Expresion -> Expresion . / Expresion
    (48) Expresion -> Expresion . * Expresion
    (49) Expresion -> Expresion . - Expresion
    (50) Expresion -> Expresion . + Expresion
    ;               reduce using rule 42 (Expresion -> ISVOID Expresion .)
    =               reduce using rule 42 (Expresion -> ISVOID Expresion .)
    LE              reduce using rule 42 (Expresion -> ISVOID Expresion .)
    <               reduce using rule 42 (Expresion -> ISVOID Expresion .)
    /               reduce using rule 42 (Expresion -> ISVOID Expresion .)
    *               reduce using rule 42 (Expresion -> ISVOID Expresion .)
    -               reduce using rule 42 (Expresion -> ISVOID Expresion .)
    +               reduce using rule 42 (Expresion -> ISVOID Expresion .)
    OF              reduce using rule 42 (Expresion -> ISVOID Expresion .)
    LOOP            reduce using rule 42 (Expresion -> ISVOID Expresion .)
    THEN            reduce using rule 42 (Expresion -> ISVOID Expresion .)
    )               reduce using rule 42 (Expresion -> ISVOID Expresion .)
    }               reduce using rule 42 (Expresion -> ISVOID Expresion .)
    ,               reduce using rule 42 (Expresion -> ISVOID Expresion .)
    POOL            reduce using rule 42 (Expresion -> ISVOID Expresion .)
    ELSE            reduce using rule 42 (Expresion -> ISVOID Expresion .)
    IN              reduce using rule 42 (Expresion -> ISVOID Expresion .)
    FI              reduce using rule 42 (Expresion -> ISVOID Expresion .)
    .               shift and go to state 67
    @               shift and go to state 68


state 90

    (43) Expresion -> NOT Expresion .
    (36) Expresion -> Expresion . . OBJECTID ( lista_args )
    (37) Expresion -> Expresion . . OBJECTID ( )
    (38) Expresion -> Expresion . @ TYPEID . OBJECTID ( lista_args )
    (39) Expresion -> Expresion . @ TYPEID . OBJECTID ( )
    (44) Expresion -> Expresion . = Expresion
    (45) Expresion -> Expresion . LE Expresion
    (46) Expresion -> Expresion . < Expresion
    (47) Expresion -> Expresion . / Expresion
    (48) Expresion -> Expresion . * Expresion
    (49) Expresion -> Expresion . - Expresion
    (50) Expresion -> Expresion . + Expresion
    ;               reduce using rule 43 (Expresion -> NOT Expresion .)
    OF              reduce using rule 43 (Expresion -> NOT Expresion .)
    LOOP            reduce using rule 43 (Expresion -> NOT Expresion .)
    THEN            reduce using rule 43 (Expresion -> NOT Expresion .)
    )               reduce using rule 43 (Expresion -> NOT Expresion .)
    }               reduce using rule 43 (Expresion -> NOT Expresion .)
    ,               reduce using rule 43 (Expresion -> NOT Expresion .)
    POOL            reduce using rule 43 (Expresion -> NOT Expresion .)
    ELSE            reduce using rule 43 (Expresion -> NOT Expresion .)
    IN              reduce using rule 43 (Expresion -> NOT Expresion .)
    FI              reduce using rule 43 (Expresion -> NOT Expresion .)
    .               shift and go to state 67
    @               shift and go to state 68
    =               shift and go to state 69
    LE              shift and go to state 70
    <               shift and go to state 71
    /               shift and go to state 72
    *               shift and go to state 73
    -               shift and go to state 74
    +               shift and go to state 75


state 91

    (17) metodo -> OBJECTID ( lista_formales ) : TYPEID { . Expresion } ;
    (23) Expresion -> . BOOL_CONST
    (24) Expresion -> . STR_CONST
    (25) Expresion -> . INT_CONST
    (26) Expresion -> . OBJECTID
    (27) Expresion -> . { lista_exprs }
    (28) Expresion -> . NEW TYPEID
    (29) Expresion -> . CASE error OF lista_ramas ESAC
    (30) Expresion -> . CASE Expresion OF lista_ramas ESAC
    (31) Expresion -> . LET lista_let IN Expresion
    (32) Expresion -> . WHILE Expresion LOOP Expresion POOL
    (33) Expresion -> . IF Expresion THEN Expresion ELSE Expresion FI
    (34) Expresion -> . OBJECTID ( lista_args )
    (35) Expresion -> . OBJECTID ( )
    (36) Expresion -> . Expresion . OBJECTID ( lista_args )
    (37) Expresion -> . Expresion . OBJECTID ( )
    (38) Expresion -> . Expresion @ TYPEID . OBJECTID ( lista_args )
    (39) Expresion -> . Expresion @ TYPEID . OBJECTID ( )
    (40) Expresion -> . ( Expresion )
    (41) Expresion -> . ~ Expresion
    (42) Expresion -> . ISVOID Expresion
    (43) Expresion -> . NOT Expresion
    (44) Expresion -> . Expresion = Expresion
    (45) Expresion -> . Expresion LE Expresion
    (46) Expresion -> . Expresion < Expresion
    (47) Expresion -> . Expresion / Expresion
    (48) Expresion -> . Expresion * Expresion
    (49) Expresion -> . Expresion - Expresion
    (50) Expresion -> . Expresion + Expresion
    (51) Expresion -> . OBJECTID ASSIGN Expresion
    BOOL_CONST      shift and go to state 49
    STR_CONST       shift and go to state 50
    INT_CONST       shift and go to state 51
    OBJECTID        shift and go to state 47
    {               shift and go to state 52
    NEW             shift and go to state 53
    CASE            shift and go to state 54
    LET             shift and go to state 55
    WHILE           shift and go to state 56
    IF              shift and go to state 57
    (               shift and go to state 58
    ~               shift and go to state 59
    ISVOID          shift and go to state 60
    NOT             shift and go to state 61

    Expresion                      shift and go to state 119

state 92

    (18) metodo -> OBJECTID ( ) : TYPEID { Expresion . } ;
    (36) Expresion -> Expresion . . OBJECTID ( lista_args )
    (37) Expresion -> Expresion . . OBJECTID ( )
    (38) Expresion -> Expresion . @ TYPEID . OBJECTID ( lista_args )
    (39) Expresion -> Expresion . @ TYPEID . OBJECTID ( )
    (44) Expresion -> Expresion . = Expresion
    (45) Expresion -> Expresion . LE Expresion
    (46) Expresion -> Expresion . < Expresion
    (47) Expresion -> Expresion . / Expresion
    (48) Expresion -> Expresion . * Expresion
    (49) Expresion -> Expresion . - Expresion
    (50) Expresion -> Expresion . + Expresion
    }               shift and go to state 120
    .               shift and go to state 67
    @               shift and go to state 68
    =               shift and go to state 69
    LE              shift and go to state 70
    <               shift and go to state 71
    /               shift and go to state 72
    *               shift and go to state 73
    -               shift and go to state 74
    +               shift and go to state 75


state 93

    (34) Expresion -> OBJECTID ( lista_args . )
    (64) lista_args -> lista_args . , Expresion
    )               shift and go to state 121
    ,               shift and go to state 122


state 94

    (35) Expresion -> OBJECTID ( ) .
    ;               reduce using rule 35 (Expresion -> OBJECTID ( ) .)
    .               reduce using rule 35 (Expresion -> OBJECTID ( ) .)
    @               reduce using rule 35 (Expresion -> OBJECTID ( ) .)
    =               reduce using rule 35 (Expresion -> OBJECTID ( ) .)
    LE              reduce using rule 35 (Expresion -> OBJECTID ( ) .)
    <               reduce using rule 35 (Expresion -> OBJECTID ( ) .)
    /               reduce using rule 35 (Expresion -> OBJECTID ( ) .)
    *               reduce using rule 35 (Expresion -> OBJECTID ( ) .)
    -               reduce using rule 35 (Expresion -> OBJECTID ( ) .)
    +               reduce using rule 35 (Expresion -> OBJECTID ( ) .)
    OF              reduce using rule 35 (Expresion -> OBJECTID ( ) .)
    LOOP            reduce using rule 35 (Expresion -> OBJECTID ( ) .)
    THEN            reduce using rule 35 (Expresion -> OBJECTID ( ) .)
    )               reduce using rule 35 (Expresion -> OBJECTID ( ) .)
    }               reduce using rule 35 (Expresion -> OBJECTID ( ) .)
    ,               reduce using rule 35 (Expresion -> OBJECTID ( ) .)
    POOL            reduce using rule 35 (Expresion -> OBJECTID ( ) .)
    ELSE            reduce using rule 35 (Expresion -> OBJECTID ( ) .)
    IN              reduce using rule 35 (Expresion -> OBJECTID ( ) .)
    FI              reduce using rule 35 (Expresion -> OBJECTID ( ) .)


state 95

    (65) lista_args -> Expresion .
    (36) Expresion -> Expresion . . OBJECTID ( lista_args )
    (37) Expresion -> Expresion . . OBJECTID ( )
    (38) Expresion -> Expresion . @ TYPEID . OBJECTID ( lista_args )
    (39) Expresion -> Expresion . @ TYPEID . OBJECTID ( )
    (44) Expresion -> Expresion . = Expresion
    (45) Expresion -> Expresion . LE Expresion
    (46) Expresion -> Expresion . < Expresion
    (47) Expresion -> Expresion . / Expresion
    (48) Expresion -> Expresion . * Expresion
    (49) Expresion -> Expresion . - Expresion
    (50) Expresion -> Expresion . + Expresion
    )               reduce using rule 65 (lista_args -> Expresion .)
    ,               reduce using rule 65 (lista_args -> Expresion .)
    .               shift and go to state 67
    @               shift and go to state 68
    =               shift and go to state 69
    LE              shift and go to state 70
    <               shift and go to state 71
    /               shift and go to state 72
    *               shift and go to state 73
    -               shift and go to state 74
    +               shift and go to state 75


state 96

    (51) Expresion -> OBJECTID ASSIGN Expresion .
    (36) Expresion -> Expresion . . OBJECTID ( lista_args )
    (37) Expresion -> Expresion . . OBJECTID ( )
    (38) Expresion -> Expresion . @ TYPEID . OBJECTID ( lista_args )
    (39) Expresion -> Expresion . @ TYPEID . OBJECTID ( )
    (44) Expresion -> Expresion . = Expresion
    (45) Expresion -> Expresion . LE Expresion
    (46) Expresion -> Expresion . < Expresion
    (47) Expresion -> Expresion . / Expresion
    (48) Expresion -> Expresion . * Expresion
    (49) Expresion -> Expresion . - Expresion
    (50) Expresion -> Expresion . + Expresion
    ;               reduce using rule 51 (Expresion -> OBJECTID ASSIGN Expresion .)
    OF              reduce using rule 51 (Expresion -> OBJECTID ASSIGN Expresion .)
    LOOP            reduce using rule 51 (Expresion -> OBJECTID ASSIGN Expresion .)
    THEN            reduce using rule 51 (Expresion -> OBJECTID ASSIGN Expresion .)
    )               reduce using rule 51 (Expresion -> OBJECTID ASSIGN Expresion .)
    }               reduce using rule 51 (Expresion -> OBJECTID ASSIGN Expresion .)
    ,               reduce using rule 51 (Expresion -> OBJECTID ASSIGN Expresion .)
    POOL            reduce using rule 51 (Expresion -> OBJECTID ASSIGN Expresion .)
    ELSE            reduce using rule 51 (Expresion -> OBJECTID ASSIGN Expresion .)
    IN              reduce using rule 51 (Expresion -> OBJECTID ASSIGN Expresion .)
    FI              reduce using rule 51 (Expresion -> OBJECTID ASSIGN Expresion .)
    .               shift and go to state 67
    @               shift and go to state 68
    =               shift and go to state 69
    LE              shift and go to state 70
    <               shift and go to state 71
    /               shift and go to state 72
    *               shift and go to state 73
    -               shift and go to state 74
    +               shift and go to state 75


state 97

    (36) Expresion -> Expresion . OBJECTID . ( lista_args )
    (37) Expresion -> Expresion . OBJECTID . ( )
    (               shift and go to state 123


state 98

    (38) Expresion -> Expresion @ TYPEID . . OBJECTID ( lista_args )
    (39) Expresion -> Expresion @ TYPEID . . OBJECTID ( )
    .               shift and go to state 124


state 99

    (44) Expresion -> Expresion = Expresion .
    (36) Expresion -> Expresion . . OBJECTID ( lista_args )
    (37) Expresion -> Expresion . . OBJECTID ( )
    (38) Expresion -> Expresion . @ TYPEID . OBJECTID ( lista_args )
    (39) Expresion -> Expresion . @ TYPEID . OBJECTID ( )
    (44) Expresion -> Expresion . = Expresion
    (45) Expresion -> Expresion . LE Expresion
    (46) Expresion -> Expresion . < Expresion
    (47) Expresion -> Expresion . / Expresion
    (48) Expresion -> Expresion . * Expresion
    (49) Expresion -> Expresion . - Expresion
    (50) Expresion -> Expresion . + Expresion
    ;               reduce using rule 44 (Expresion -> Expresion = Expresion .)
    =               reduce using rule 44 (Expresion -> Expresion = Expresion .)
    LE              reduce using rule 44 (Expresion -> Expresion = Expresion .)
    <               reduce using rule 44 (Expresion -> Expresion = Expresion .)
    OF              reduce using rule 44 (Expresion -> Expresion = Expresion .)
    LOOP            reduce using rule 44 (Expresion -> Expresion = Expresion .)
    THEN            reduce using rule 44 (Expresion -> Expresion = Expresion .)
    )               reduce using rule 44 (Expresion -> Expresion = Expresion .)
    }               reduce using rule 44 (Expresion -> Expresion = Expresion .)
    ,               reduce using rule 44 (Expresion -> Expresion = Expresion .)
    POOL            reduce using rule 44 (Expresion -> Expresion = Expresion .)
    ELSE            reduce using rule 44 (Expresion -> Expresion = Expresion .)
    IN              reduce using rule 44 (Expresion -> Expresion = Expresion .)
    FI              reduce using rule 44 (Expresion -> Expresion = Expresion .)
    .               shift and go to state 67
    @               shift and go to state 68
    /               shift and go to state 72
    *               shift and go to state 73
    -               shift and go to state 74
    +               shift and go to state 75


state 100

    (45) Expresion -> Expresion LE Expresion .
    (36) Expresion -> Expresion . . OBJECTID ( lista_args )
    (37) Expresion -> Expresion . . OBJECTID ( )
    (38) Expresion -> Expresion . @ TYPEID . OBJECTID ( lista_args )
    (39) Expresion -> Expresion . @ TYPEID . OBJECTID ( )
    (44) Expresion -> Expresion . = Expresion
    (45) Expresion -> Expresion . LE Expresion
    (46) Expresion -> Expresion . < Expresion
    (47) Expresion -> Expresion . / Expresion
    (48) Expresion -> Expresion . * Expresion
    (49) Expresion -> Expresion . - Expresion
    (50) Expresion -> Expresion . + Expresion
    ;               reduce using rule 45 (Expresion -> Expresion LE Expresion .)
    =               reduce using rule 45 (Expresion -> Expresion LE Expresion .)
    LE              reduce using rule 45 (Expresion -> Expresion LE Expresion .)
    <               reduce using rule 45 (Expresion -> Expresion LE Expresion .)
    OF              reduce using rule 45 (Expresion -> Expresion LE Expresion .)
    LOOP            reduce using rule 45 (Expresion -> Expresion LE Expresion .)
    THEN            reduce using rule 45 (Expresion -> Expresion LE Expresion .)
    )               reduce using rule 45 (Expresion -> Expresion LE Expresion .)
    }               reduce using rule 45 (Expresion -> Expresion LE Expresion .)
    ,               reduce using rule 45 (Expresion -> Expresion LE Expresion .)
    POOL            reduce using rule 45 (Expresion -> Expresion LE Expresion .)
    ELSE            reduce using rule 45 (Expresion -> Expresion LE Expresion .)
    IN              reduce using rule 45 (Expresion -> Expresion LE Expresion .)
    FI              reduce using rule 45 (Expresion -> Expresion LE Expresion .)
    .               shift and go to state 67
    @               shift and go to state 68
    /               shift and go to state 72
    *               shift and go to state 73
    -               shift and go to state 74
    +               shift and go to state 75


state 101

    (46) Expresion -> Expresion < Expresion .
    (36) Expresion -> Expresion . . OBJECTID ( lista_args )
    (37) Expresion -> Expresion . . OBJECTID ( )
    (38) Expresion -> Expresion . @ TYPEID . OBJECTID ( lista_args )
    (39) Expresion -> Expresion . @ TYPEID . OBJECTID ( )
    (44) Expresion -> Expresion . = Expresion
    (45) Expresion -> Expresion . LE Expresion
    (46) Expresion -> Expresion . < Expresion
    (47) Expresion -> Expresion . / Expresion
    (48) Expresion -> Expresion . * Expresion
    (49) Expresion -> Expresion . - Expresion
    (50) Expresion -> Expresion . + Expresion
    ;               reduce using rule 46 (Expresion -> Expresion < Expresion .)
    =               reduce using rule 46 (Expresion -> Expresion < Expresion .)
    LE              reduce using rule 46 (Expresion -> Expresion < Expresion .)
    <               reduce using rule 46 (Expresion -> Expresion < Expresion .)
    OF              reduce using rule 46 (Expresion -> Expresion < Expresion .)
    LOOP            reduce using rule 46 (Expresion -> Expresion < Expresion .)
    THEN            reduce using rule 46 (Expresion -> Expresion < Expresion .)
    )               reduce using rule 46 (Expresion -> Expresion < Expresion .)
    }               reduce using rule 46 (Expresion -> Expresion < Expresion .)
    ,               reduce using rule 46 (Expresion -> Expresion < Expresion .)
    POOL            reduce using rule 46 (Expresion -> Expresion < Expresion .)
    ELSE            reduce using rule 46 (Expresion -> Expresion < Expresion .)
    IN              reduce using rule 46 (Expresion -> Expresion < Expresion .)
    FI              reduce using rule 46 (Expresion -> Expresion < Expresion .)
    .               shift and go to state 67
    @               shift and go to state 68
    /               shift and go to state 72
    *               shift and go to state 73
    -               shift and go to state 74
    +               shift and go to state 75


state 102

    (47) Expresion -> Expresion / Expresion .
    (36) Expresion -> Expresion . . OBJECTID ( lista_args )
    (37) Expresion -> Expresion . . OBJECTID ( )
    (38) Expresion -> Expresion . @ TYPEID . OBJECTID ( lista_args )
    (39) Expresion -> Expresion . @ TYPEID . OBJECTID ( )
    (44) Expresion -> Expresion . = Expresion
    (45) Expresion -> Expresion . LE Expresion
    (46) Expresion -> Expresion . < Expresion
    (47) Expresion -> Expresion . / Expresion
    (48) Expresion -> Expresion . * Expresion
    (49) Expresion -> Expresion . - Expresion
    (50) Expresion -> Expresion . + Expresion
    ;               reduce using rule 47 (Expresion -> Expresion / Expresion .)
    =               reduce using rule 47 (Expresion -> Expresion / Expresion .)
    LE              reduce using rule 47 (Expresion -> Expresion / Expresion .)
    <               reduce using rule 47 (Expresion -> Expresion / Expresion .)
    /               reduce using rule 47 (Expresion -> Expresion / Expresion .)
    *               reduce using rule 47 (Expresion -> Expresion / Expresion .)
    -               reduce using rule 47 (Expresion -> Expresion / Expresion .)
    +               reduce using rule 47 (Expresion -> Expresion / Expresion .)
    OF              reduce using rule 47 (Expresion -> Expresion / Expresion .)
    LOOP            reduce using rule 47 (Expresion -> Expresion / Expresion .)
    THEN            reduce using rule 47 (Expresion -> Expresion / Expresion .)
    )               reduce using rule 47 (Expresion -> Expresion / Expresion .)
    }               reduce using rule 47 (Expresion -> Expresion / Expresion .)
    ,               reduce using rule 47 (Expresion -> Expresion / Expresion .)
    POOL            reduce using rule 47 (Expresion -> Expresion / Expresion .)
    ELSE            reduce using rule 47 (Expresion -> Expresion / Expresion .)
    IN              reduce using rule 47 (Expresion -> Expresion / Expresion .)
    FI              reduce using rule 47 (Expresion -> Expresion / Expresion .)
    .               shift and go to state 67
    @               shift and go to state 68


state 103

    (48) Expresion -> Expresion * Expresion .
    (36) Expresion -> Expresion . . OBJECTID ( lista_args )
    (37) Expresion -> Expresion . . OBJECTID ( )
    (38) Expresion -> Expresion . @ TYPEID . OBJECTID ( lista_args )
    (39) Expresion -> Expresion . @ TYPEID . OBJECTID ( )
    (44) Expresion -> Expresion . = Expresion
    (45) Expresion -> Expresion . LE Expresion
    (46) Expresion -> Expresion . < Expresion
    (47) Expresion -> Expresion . / Expresion
    (48) Expresion -> Expresion . * Expresion
    (49) Expresion -> Expresion . - Expresion
    (50) Expresion -> Expresion . + Expresion
    ;               reduce using rule 48 (Expresion -> Expresion * Expresion .)
    =               reduce using rule 48 (Expresion -> Expresion * Expresion .)
    LE              reduce using rule 48 (Expresion -> Expresion * Expresion .)
    <               reduce using rule 48 (Expresion -> Expresion * Expresion .)
    /               reduce using rule 48 (Expresion -> Expresion * Expresion .)
    *               reduce using rule 48 (Expresion -> Expresion * Expresion .)
    -               reduce using rule 48 (Expresion -> Expresion * Expresion .)
    +               reduce using rule 48 (Expresion -> Expresion * Expresion .)
    OF              reduce using rule 48 (Expresion -> Expresion * Expresion .)
    LOOP            reduce using rule 48 (Expresion -> Expresion * Expresion .)
    THEN            reduce using rule 48 (Expresion -> Expresion * Expresion .)
    )               reduce using rule 48 (Expresion -> Expresion * Expresion .)
    }               reduce using rule 48 (Expresion -> Expresion * Expresion .)
    ,               reduce using rule 48 (Expresion -> Expresion * Expresion .)
    POOL            reduce using rule 48 (Expresion -> Expresion * Expresion .)
    ELSE            reduce using rule 48 (Expresion -> Expresion * Expresion .)
    IN              reduce using rule 48 (Expresion -> Expresion * Expresion .)
    FI              reduce using rule 48 (Expresion -> Expresion * Expresion .)
    .               shift and go to state 67
    @               shift and go to state 68


state 104

    (49) Expresion -> Expresion - Expresion .
    (36) Expresion -> Expresion . . OBJECTID ( lista_args )
    (37) Expresion -> Expresion . . OBJECTID ( )
    (38) Expresion -> Expresion . @ TYPEID . OBJECTID ( lista_args )
    (39) Expresion -> Expresion . @ TYPEID . OBJECTID ( )
    (44) Expresion -> Expresion . = Expresion
    (45) Expresion -> Expresion . LE Expresion
    (46) Expresion -> Expresion . < Expresion
    (47) Expresion -> Expresion . / Expresion
    (48) Expresion -> Expresion . * Expresion
    (49) Expresion -> Expresion . - Expresion
    (50) Expresion -> Expresion . + Expresion
    ;               reduce using rule 49 (Expresion -> Expresion - Expresion .)
    =               reduce using rule 49 (Expresion -> Expresion - Expresion .)
    LE              reduce using rule 49 (Expresion -> Expresion - Expresion .)
    <               reduce using rule 49 (Expresion -> Expresion - Expresion .)
    -               reduce using rule 49 (Expresion -> Expresion - Expresion .)
    +               reduce using rule 49 (Expresion -> Expresion - Expresion .)
    OF              reduce using rule 49 (Expresion -> Expresion - Expresion .)
    LOOP            reduce using rule 49 (Expresion -> Expresion - Expresion .)
    THEN            reduce using rule 49 (Expresion -> Expresion - Expresion .)
    )               reduce using rule 49 (Expresion -> Expresion - Expresion .)
    }               reduce using rule 49 (Expresion -> Expresion - Expresion .)
    ,               reduce using rule 49 (Expresion -> Expresion - Expresion .)
    POOL            reduce using rule 49 (Expresion -> Expresion - Expresion .)
    ELSE            reduce using rule 49 (Expresion -> Expresion - Expresion .)
    IN              reduce using rule 49 (Expresion -> Expresion - Expresion .)
    FI              reduce using rule 49 (Expresion -> Expresion - Expresion .)
    .               shift and go to state 67
    @               shift and go to state 68
    /               shift and go to state 72
    *               shift and go to state 73


state 105

    (50) Expresion -> Expresion + Expresion .
    (36) Expresion -> Expresion . . OBJECTID ( lista_args )
    (37) Expresion -> Expresion . . OBJECTID ( )
    (38) Expresion -> Expresion . @ TYPEID . OBJECTID ( lista_args )
    (39) Expresion -> Expresion . @ TYPEID . OBJECTID ( )
    (44) Expresion -> Expresion . = Expresion
    (45) Expresion -> Expresion . LE Expresion
    (46) Expresion -> Expresion . < Expresion
    (47) Expresion -> Expresion . / Expresion
    (48) Expresion -> Expresion . * Expresion
    (49) Expresion -> Expresion . - Expresion
    (50) Expresion -> Expresion . + Expresion
    ;               reduce using rule 50 (Expresion -> Expresion + Expresion .)
    =               reduce using rule 50 (Expresion -> Expresion + Expresion .)
    LE              reduce using rule 50 (Expresion -> Expresion + Expresion .)
    <               reduce using rule 50 (Expresion -> Expresion + Expresion .)
    -               reduce using rule 50 (Expresion -> Expresion + Expresion .)
    +               reduce using rule 50 (Expresion -> Expresion + Expresion .)
    OF              reduce using rule 50 (Expresion -> Expresion + Expresion .)
    LOOP            reduce using rule 50 (Expresion -> Expresion + Expresion .)
    THEN            reduce using rule 50 (Expresion -> Expresion + Expresion .)
    )               reduce using rule 50 (Expresion -> Expresion + Expresion .)
    }               reduce using rule 50 (Expresion -> Expresion + Expresion .)
    ,               reduce using rule 50 (Expresion -> Expresion + Expresion .)
    POOL            reduce using rule 50 (Expresion -> Expresion + Expresion .)
    ELSE            reduce using rule 50 (Expresion -> Expresion + Expresion .)
    IN              reduce using rule 50 (Expresion -> Expresion + Expresion .)
    FI              reduce using rule 50 (Expresion -> Expresion + Expresion .)
    .               shift and go to state 67
    @               shift and go to state 68
    /               shift and go to state 72
    *               shift and go to state 73


state 106

    (27) Expresion -> { lista_exprs } .
    ;               reduce using rule 27 (Expresion -> { lista_exprs } .)
    .               reduce using rule 27 (Expresion -> { lista_exprs } .)
    @               reduce using rule 27 (Expresion -> { lista_exprs } .)
    =               reduce using rule 27 (Expresion -> { lista_exprs } .)
    LE              reduce using rule 27 (Expresion -> { lista_exprs } .)
    <               reduce using rule 27 (Expresion -> { lista_exprs } .)
    /               reduce using rule 27 (Expresion -> { lista_exprs } .)
    *               reduce using rule 27 (Expresion -> { lista_exprs } .)
    -               reduce using rule 27 (Expresion -> { lista_exprs } .)
    +               reduce using rule 27 (Expresion -> { lista_exprs } .)
    OF              reduce using rule 27 (Expresion -> { lista_exprs } .)
    LOOP            reduce using rule 27 (Expresion -> { lista_exprs } .)
    THEN            reduce using rule 27 (Expresion -> { lista_exprs } .)
    )               reduce using rule 27 (Expresion -> { lista_exprs } .)
    }               reduce using rule 27 (Expresion -> { lista_exprs } .)
    ,               reduce using rule 27 (Expresion -> { lista_exprs } .)
    POOL            reduce using rule 27 (Expresion -> { lista_exprs } .)
    ELSE            reduce using rule 27 (Expresion -> { lista_exprs } .)
    IN              reduce using rule 27 (Expresion -> { lista_exprs } .)
    FI              reduce using rule 27 (Expresion -> { lista_exprs } .)


state 107

    (60) lista_exprs -> lista_exprs error . ;
    ;               shift and go to state 125


state 108

    (62) lista_exprs -> lista_exprs Expresion . ;
    (36) Expresion -> Expresion . . OBJECTID ( lista_args )
    (37) Expresion -> Expresion . . OBJECTID ( )
    (38) Expresion -> Expresion . @ TYPEID . OBJECTID ( lista_args )
    (39) Expresion -> Expresion . @ TYPEID . OBJECTID ( )
    (44) Expresion -> Expresion . = Expresion
    (45) Expresion -> Expresion . LE Expresion
    (46) Expresion -> Expresion . < Expresion
    (47) Expresion -> Expresion . / Expresion
    (48) Expresion -> Expresion . * Expresion
    (49) Expresion -> Expresion . - Expresion
    (50) Expresion -> Expresion . + Expresion
    ;               shift and go to state 126
    .               shift and go to state 67
    @               shift and go to state 68
    =               shift and go to state 69
    LE              shift and go to state 70
    <               shift and go to state 71
    /               shift and go to state 72
    *               shift and go to state 73
    -               shift and go to state 74
    +               shift and go to state 75


state 109

    (61) lista_exprs -> error ; .
    }               reduce using rule 61 (lista_exprs -> error ; .)
    error           reduce using rule 61 (lista_exprs -> error ; .)
    BOOL_CONST      reduce using rule 61 (lista_exprs -> error ; .)
    STR_CONST       reduce using rule 61 (lista_exprs -> error ; .)
    INT_CONST       reduce using rule 61 (lista_exprs -> error ; .)
    OBJECTID        reduce using rule 61 (lista_exprs -> error ; .)
    {               reduce using rule 61 (lista_exprs -> error ; .)
    NEW             reduce using rule 61 (lista_exprs -> error ; .)
    CASE            reduce using rule 61 (lista_exprs -> error ; .)
    LET             reduce using rule 61 (lista_exprs -> error ; .)
    WHILE           reduce using rule 61 (lista_exprs -> error ; .)
    IF              reduce using rule 61 (lista_exprs -> error ; .)
    (               reduce using rule 61 (lista_exprs -> error ; .)
    ~               reduce using rule 61 (lista_exprs -> error ; .)
    ISVOID          reduce using rule 61 (lista_exprs -> error ; .)
    NOT             reduce using rule 61 (lista_exprs -> error ; .)


state 110

    (63) lista_exprs -> Expresion ; .
    }               reduce using rule 63 (lista_exprs -> Expresion ; .)
    error           reduce using rule 63 (lista_exprs -> Expresion ; .)
    BOOL_CONST      reduce using rule 63 (lista_exprs -> Expresion ; .)
    STR_CONST       reduce using rule 63 (lista_exprs -> Expresion ; .)
    INT_CONST       reduce using rule 63 (lista_exprs -> Expresion ; .)
    OBJECTID        reduce using rule 63 (lista_exprs -> Expresion ; .)
    {               reduce using rule 63 (lista_exprs -> Expresion ; .)
    NEW             reduce using rule 63 (lista_exprs -> Expresion ; .)
    CASE            reduce using rule 63 (lista_exprs -> Expresion ; .)
    LET             reduce using rule 63 (lista_exprs -> Expresion ; .)
    WHILE           reduce using rule 63 (lista_exprs -> Expresion ; .)
    IF              reduce using rule 63 (lista_exprs -> Expresion ; .)
    (               reduce using rule 63 (lista_exprs -> Expresion ; .)
    ~               reduce using rule 63 (lista_exprs -> Expresion ; .)
    ISVOID          reduce using rule 63 (lista_exprs -> Expresion ; .)
    NOT             reduce using rule 63 (lista_exprs -> Expresion ; .)


state 111

    (29) Expresion -> CASE error OF . lista_ramas ESAC
    (57) lista_ramas -> . lista_ramas rama_case
    (58) lista_ramas -> . rama_case
    (59) rama_case -> . OBJECTID : TYPEID DARROW Expresion ;
    OBJECTID        shift and go to state 129

    lista_ramas                    shift and go to state 127
    rama_case                      shift and go to state 128

state 112

    (30) Expresion -> CASE Expresion OF . lista_ramas ESAC
    (57) lista_ramas -> . lista_ramas rama_case
    (58) lista_ramas -> . rama_case
    (59) rama_case -> . OBJECTID : TYPEID DARROW Expresion ;
    OBJECTID        shift and go to state 129

    lista_ramas                    shift and go to state 130
    rama_case                      shift and go to state 128

state 113

    (31) Expresion -> LET lista_let IN . Expresion
    (23) Expresion -> . BOOL_CONST
    (24) Expresion -> . STR_CONST
    (25) Expresion -> . INT_CONST
    (26) Expresion -> . OBJECTID
    (27) Expresion -> . { lista_exprs }
    (28) Expresion -> . NEW TYPEID
    (29) Expresion -> . CASE error OF lista_ramas ESAC
    (30) Expresion -> . CASE Expresion OF lista_ramas ESAC
    (31) Expresion -> . LET lista_let IN Expresion
    (32) Expresion -> . WHILE Expresion LOOP Expresion POOL
    (33) Expresion -> . IF Expresion THEN Expresion ELSE Expresion FI
    (34) Expresion -> . OBJECTID ( lista_args )
    (35) Expresion -> . OBJECTID ( )
    (36) Expresion -> . Expresion . OBJECTID ( lista_args )
    (37) Expresion -> . Expresion . OBJECTID ( )
    (38) Expresion -> . Expresion @ TYPEID . OBJECTID ( lista_args )
    (39) Expresion -> . Expresion @ TYPEID . OBJECTID ( )
    (40) Expresion -> . ( Expresion )
    (41) Expresion -> . ~ Expresion
    (42) Expresion -> . ISVOID Expresion
    (43) Expresion -> . NOT Expresion
    (44) Expresion -> . Expresion = Expresion
    (45) Expresion -> . Expresion LE Expresion
    (46) Expresion -> . Expresion < Expresion
    (47) Expresion -> . Expresion / Expresion
    (48) Expresion -> . Expresion * Expresion
    (49) Expresion -> . Expresion - Expresion
    (50) Expresion -> . Expresion + Expresion
    (51) Expresion -> . OBJECTID ASSIGN Expresion
    BOOL_CONST      shift and go to state 49
    STR_CONST       shift and go to state 50
    INT_CONST       shift and go to state 51
    OBJECTID        shift and go to state 47
    {               shift and go to state 52
    NEW             shift and go to state 53
    CASE            shift and go to state 54
    LET             shift and go to state 55
    WHILE           shift and go to state 56
    IF              shift and go to state 57
    (               shift and go to state 58
    ~               shift and go to state 59
    ISVOID          shift and go to state 60
    NOT             shift and go to state 61

    Expresion                      shift and go to state 131

state 114

    (52) lista_let -> lista_let , . binding_let
    (54) binding_let -> . OBJECTID : TYPEID ASSIGN error
    (55) binding_let -> . OBJECTID : TYPEID ASSIGN Expresion
    (56) binding_let -> . OBJECTID : TYPEID
    OBJECTID        shift and go to state 84

    binding_let                    shift and go to state 132

state 115

    (54) binding_let -> OBJECTID : . TYPEID ASSIGN error
    (55) binding_let -> OBJECTID : . TYPEID ASSIGN Expresion
    (56) binding_let -> OBJECTID : . TYPEID
    TYPEID          shift and go to state 133


state 116

    (32) Expresion -> WHILE Expresion LOOP . Expresion POOL
    (23) Expresion -> . BOOL_CONST
    (24) Expresion -> . STR_CONST
    (25) Expresion -> . INT_CONST
    (26) Expresion -> . OBJECTID
    (27) Expresion -> . { lista_exprs }
    (28) Expresion -> . NEW TYPEID
    (29) Expresion -> . CASE error OF lista_ramas ESAC
    (30) Expresion -> . CASE Expresion OF lista_ramas ESAC
    (31) Expresion -> . LET lista_let IN Expresion
    (32) Expresion -> . WHILE Expresion LOOP Expresion POOL
    (33) Expresion -> . IF Expresion THEN Expresion ELSE Expresion FI
    (34) Expresion -> . OBJECTID ( lista_args )
    (35) Expresion -> . OBJECTID ( )
    (36) Expresion -> . Expresion . OBJECTID ( lista_args )
    (37) Expresion -> . Expresion . OBJECTID ( )
    (38) Expresion -> . Expresion @ TYPEID . OBJECTID ( lista_args )
    (39) Expresion -> . Expresion @ TYPEID . OBJECTID ( )
    (40) Expresion -> . ( Expresion )
    (41) Expresion -> . ~ Expresion
    (42) Expresion -> . ISVOID Expresion
    (43) Expresion -> . NOT Expresion
    (44) Expresion -> . Expresion = Expresion
    (45) Expresion -> . Expresion LE Expresion
    (46) Expresion -> . Expresion < Expresion
    (47) Expresion -> . Expresion / Expresion
    (48) Expresion -> . Expresion * Expresion
    (49) Expresion -> . Expresion - Expresion
    (50) Expresion -> . Expresion + Expresion
    (51) Expresion -> . OBJECTID ASSIGN Expresion
    BOOL_CONST      shift and go to state 49
    STR_CONST       shift and go to state 50
    INT_CONST       shift and go to state 51
    OBJECTID        shift and go to state 47
    {               shift and go to state 52
    NEW             shift and go to state 53
    CASE            shift and go to state 54
    LET             shift and go to state 55
    WHILE           shift and go to state 56
    IF              shift and go to state 57
    (               shift and go to state 58
    ~               shift and go to state 59
    ISVOID          shift and go to state 60
    NOT             shift and go to state 61

    Expresion                      shift and go to state 134

state 117

    (33) Expresion -> IF Expresion THEN . Expresion ELSE Expresion FI
    (23) Expresion -> . BOOL_CONST
    (24) Expresion -> . STR_CONST
    (25) Expresion -> . INT_CONST
    (26) Expresion -> . OBJECTID
    (27) Expresion -> . { lista_exprs }
    (28) Expresion -> . NEW TYPEID
    (29) Expresion -> . CASE error OF lista_ramas ESAC
    (30) Expresion -> . CASE Expresion OF lista_ramas ESAC
    (31) Expresion -> . LET lista_let IN Expresion
    (32) Expresion -> . WHILE Expresion LOOP Expresion POOL
    (33) Expresion -> . IF Expresion THEN Expresion ELSE Expresion FI
    (34) Expresion -> . OBJECTID ( lista_args )
    (35) Expresion -> . OBJECTID ( )
    (36) Expresion -> . Expresion . OBJECTID ( lista_args )
    (37) Expresion -> . Expresion . OBJECTID ( )
    (38) Expresion -> . Expresion @ TYPEID . OBJECTID ( lista_args )
    (39) Expresion -> . Expresion @ TYPEID . OBJECTID ( )
    (40) Expresion -> . ( Expresion )
    (41) Expresion -> . ~ Expresion
    (42) Expresion -> . ISVOID Expresion
    (43) Expresion -> . NOT Expresion
    (44) Expresion -> . Expresion = Expresion
    (45) Expresion -> . Expresion LE Expresion
    (46) Expresion -> . Expresion < Expresion
    (47) Expresion -> . Expresion / Expresion
    (48) Expresion -> . Expresion * Expresion
    (49) Expresion -> . Expresion - Expresion
    (50) Expresion -> . Expresion + Expresion
    (51) Expresion -> . OBJECTID ASSIGN Expresion
    BOOL_CONST      shift and go to state 49
    STR_CONST       shift and go to state 50
    INT_CONST       shift and go to state 51
    OBJECTID        shift and go to state 47
    {               shift and go to state 52
    NEW             shift and go to state 53
    CASE            shift and go to state 54
    LET             shift and go to state 55
    WHILE           shift and go to state 56
    IF              shift and go to state 57
    (               shift and go to state 58
    ~               shift and go to state 59
    ISVOID          shift and go to state 60
    NOT             shift and go to state 61

    Expresion                      shift and go to state 135

state 118

    (40) Expresion -> ( Expresion ) .
    ;               reduce using rule 40 (Expresion -> ( Expresion ) .)
    .               reduce using rule 40 (Expresion -> ( Expresion ) .)
    @               reduce using rule 40 (Expresion -> ( Expresion ) .)
    =               reduce using rule 40 (Expresion -> ( Expresion ) .)
    LE              reduce using rule 40 (Expresion -> ( Expresion ) .)
    <               reduce using rule 40 (Expresion -> ( Expresion ) .)
    /               reduce using rule 40 (Expresion -> ( Expresion ) .)
    *               reduce using rule 40 (Expresion -> ( Expresion ) .)
    -               reduce using rule 40 (Expresion -> ( Expresion ) .)
    +               reduce using rule 40 (Expresion -> ( Expresion ) .)
    OF              reduce using rule 40 (Expresion -> ( Expresion ) .)
    LOOP            reduce using rule 40 (Expresion -> ( Expresion ) .)
    THEN            reduce using rule 40 (Expresion -> ( Expresion ) .)
    )               reduce using rule 40 (Expresion -> ( Expresion ) .)
    }               reduce using rule 40 (Expresion -> ( Expresion ) .)
    ,               reduce using rule 40 (Expresion -> ( Expresion ) .)
    POOL            reduce using rule 40 (Expresion -> ( Expresion ) .)
    ELSE            reduce using rule 40 (Expresion -> ( Expresion ) .)
    IN              reduce using rule 40 (Expresion -> ( Expresion ) .)
    FI              reduce using rule 40 (Expresion -> ( Expresion ) .)


state 119

    (17) metodo -> OBJECTID ( lista_formales ) : TYPEID { Expresion . } ;
    (36) Expresion -> Expresion . . OBJECTID ( lista_args )
    (37) Expresion -> Expresion . . OBJECTID ( )
    (38) Expresion -> Expresion . @ TYPEID . OBJECTID ( lista_args )
    (39) Expresion -> Expresion . @ TYPEID . OBJECTID ( )
    (44) Expresion -> Expresion . = Expresion
    (45) Expresion -> Expresion . LE Expresion
    (46) Expresion -> Expresion . < Expresion
    (47) Expresion -> Expresion . / Expresion
    (48) Expresion -> Expresion . * Expresion
    (49) Expresion -> Expresion . - Expresion
    (50) Expresion -> Expresion . + Expresion
    }               shift and go to state 136
    .               shift and go to state 67
    @               shift and go to state 68
    =               shift and go to state 69
    LE              shift and go to state 70
    <               shift and go to state 71
    /               shift and go to state 72
    *               shift and go to state 73
    -               shift and go to state 74
    +               shift and go to state 75


state 120

    (18) metodo -> OBJECTID ( ) : TYPEID { Expresion } . ;
    ;               shift and go to state 137


state 121

    (34) Expresion -> OBJECTID ( lista_args ) .
    ;               reduce using rule 34 (Expresion -> OBJECTID ( lista_args ) .)
    .               reduce using rule 34 (Expresion -> OBJECTID ( lista_args ) .)
    @               reduce using rule 34 (Expresion -> OBJECTID ( lista_args ) .)
    =               reduce using rule 34 (Expresion -> OBJECTID ( lista_args ) .)
    LE              reduce using rule 34 (Expresion -> OBJECTID ( lista_args ) .)
    <               reduce using rule 34 (Expresion -> OBJECTID ( lista_args ) .)
    /               reduce using rule 34 (Expresion -> OBJECTID ( lista_args ) .)
    *               reduce using rule 34 (Expresion -> OBJECTID ( lista_args ) .)
    -               reduce using rule 34 (Expresion -> OBJECTID ( lista_args ) .)
    +               reduce using rule 34 (Expresion -> OBJECTID ( lista_args ) .)
    OF              reduce using rule 34 (Expresion -> OBJECTID ( lista_args ) .)
    LOOP            reduce using rule 34 (Expresion -> OBJECTID ( lista_args ) .)
    THEN            reduce using rule 34 (Expresion -> OBJECTID ( lista_args ) .)
    )               reduce using rule 34 (Expresion -> OBJECTID ( lista_args ) .)
    }               reduce using rule 34 (Expresion -> OBJECTID ( lista_args ) .)
    ,               reduce using rule 34 (Expresion -> OBJECTID ( lista_args ) .)
    POOL            reduce using rule 34 (Expresion -> OBJECTID ( lista_args ) .)
    ELSE            reduce using rule 34 (Expresion -> OBJECTID ( lista_args ) .)
    IN              reduce using rule 34 (Expresion -> OBJECTID ( lista_args ) .)
    FI              reduce using rule 34 (Expresion -> OBJECTID ( lista_args ) .)


state 122

    (64) lista_args -> lista_args , . Expresion
    (23) Expresion -> . BOOL_CONST
    (24) Expresion -> . STR_CONST
    (25) Expresion -> . INT_CONST
    (26) Expresion -> . OBJECTID
    (27) Expresion -> . { lista_exprs }
    (28) Expresion -> . NEW TYPEID
    (29) Expresion -> . CASE error OF lista_ramas ESAC
    (30) Expresion -> . CASE Expresion OF lista_ramas ESAC
    (31) Expresion -> . LET lista_let IN Expresion
    (32) Expresion -> . WHILE Expresion LOOP Expresion POOL
    (33) Expresion -> . IF Expresion THEN Expresion ELSE Expresion FI
    (34) Expresion -> . OBJECTID ( lista_args )
    (35) Expresion -> . OBJECTID ( )
    (36) Expresion -> . Expresion . OBJECTID ( lista_args )
    (37) Expresion -> . Expresion . OBJECTID ( )
    (38) Expresion -> . Expresion @ TYPEID . OBJECTID ( lista_args )
    (39) Expresion -> . Expresion @ TYPEID . OBJECTID ( )
    (40) Expresion -> . ( Expresion )
    (41) Expresion -> . ~ Expresion
    (42) Expresion -> . ISVOID Expresion
    (43) Expresion -> . NOT Expresion
    (44) Expresion -> . Expresion = Expresion
    (45) Expresion -> . Expresion LE Expresion
    (46) Expresion -> . Expresion < Expresion
    (47) Expresion -> . Expresion / Expresion
    (48) Expresion -> . Expresion * Expresion
    (49) Expresion -> . Expresion - Expresion
    (50) Expresion -> . Expresion + Expresion
    (51) Expresion -> . OBJECTID ASSIGN Expresion
    BOOL_CONST      shift and go to state 49
    STR_CONST       shift and go to state 50
    INT_CONST       shift and go to state 51
    OBJECTID        shift and go to state 47
    {               shift and go to state 52
    NEW             shift and go to state 53
    CASE            shift and go to state 54
    LET             shift and go to state 55
    WHILE           shift and go to state 56
    IF              shift and go to state 57
    (               shift and go to state 58
    ~               shift and go to state 59
    ISVOID          shift and go to state 60
    NOT             shift and go to state 61

    Expresion                      shift and go to state 138

state 123

    (36) Expresion -> Expresion . OBJECTID ( . lista_args )
    (37) Expresion -> Expresion . OBJECTID ( . )
    (64) lista_args -> . lista_args , Expresion
    (65) lista_args -> . Expresion
    (23) Expresion -> . BOOL_CONST
    (24) Expresion -> . STR_CONST
    (25) Expresion -> . INT_CONST
    (26) Expresion -> . OBJECTID
    (27) Expresion -> . { lista_exprs }
    (28) Expresion -> . NEW TYPEID
    (29) Expresion -> . CASE error OF lista_ramas ESAC
    (30) Expresion -> . CASE Expresion OF lista_ramas ESAC
    (31) Expresion -> . LET lista_let IN Expresion
    (32) Expresion -> . WHILE Expresion LOOP Expresion POOL
    (33) Expresion -> . IF Expresion THEN Expresion ELSE Expresion FI
    (34) Expresion -> . OBJECTID ( lista_args )
    (35) Expresion -> . OBJECTID ( )
    (36) Expresion -> . Expresion . OBJECTID ( lista_args )
    (37) Expresion -> . Expresion . OBJECTID ( )
    (38) Expresion -> . Expresion @ TYPEID . OBJECTID ( lista_args )
    (39) Expresion -> . Expresion @ TYPEID . OBJECTID ( )
    (40) Expresion -> . ( Expresion )
    (41) Expresion -> . ~ Expresion
    (42) Expresion -> . ISVOID Expresion
    (43) Expresion -> . NOT Expresion
    (44) Expresion -> . Expresion = Expresion
    (45) Expresion -> . Expresion LE Expresion
    (46) Expresion -> . Expresion < Expresion
    (47) Expresion -> . Expresion / Expresion
    (48) Expresion -> . Expresion * Expresion
    (49) Expresion -> . Expresion - Expresion
    (50) Expresion -> . Expresion + Expresion
    (51) Expresion -> . OBJECTID ASSIGN Expresion
    )               shift and go to state 140
    BOOL_CONST      shift and go to state 49
    STR_CONST       shift and go to state 50
    INT_CONST       shift and go to state 51
    OBJECTID        shift and go to state 47
    {               shift and go to state 52
    NEW             shift and go to state 53
    CASE            shift and go to state 54
    LET             shift and go to state 55
    WHILE           shift and go to state 56
    IF              shift and go to state 57
    (               shift and go to state 58
    ~               shift and go to state 59
    ISVOID          shift and go to state 60
    NOT             shift and go to state 61

    Expresion                      shift and go to state 95
    lista_args                     shift and go to state 139

state 124

    (38) Expresion -> Expresion @ TYPEID . . OBJECTID ( lista_args )
    (39) Expresion -> Expresion @ TYPEID . . OBJECTID ( )
    OBJECTID        shift and go to state 141


state 125

    (60) lista_exprs -> lista_exprs error ; .
    }               reduce using rule 60 (lista_exprs -> lista_exprs error ; .)
    error           reduce using rule 60 (lista_exprs -> lista_exprs error ; .)
    BOOL_CONST      reduce using rule 60 (lista_exprs -> lista_exprs error ; .)
    STR_CONST       reduce using rule 60 (lista_exprs -> lista_exprs error ; .)
    INT_CONST       reduce using rule 60 (lista_exprs -> lista_exprs error ; .)
    OBJECTID        reduce using rule 60 (lista_exprs -> lista_exprs error ; .)
    {               reduce using rule 60 (lista_exprs -> lista_exprs error ; .)
    NEW             reduce using rule 60 (lista_exprs -> lista_exprs error ; .)
    CASE            reduce using rule 60 (lista_exprs -> lista_exprs error ; .)
    LET             reduce using rule 60 (lista_exprs -> lista_exprs error ; .)
    WHILE           reduce using rule 60 (lista_exprs -> lista_exprs error ; .)
    IF              reduce using rule 60 (lista_exprs -> lista_exprs error ; .)
    (               reduce using rule 60 (lista_exprs -> lista_exprs error ; .)
    ~               reduce using rule 60 (lista_exprs -> lista_exprs error ; .)
    ISVOID          reduce using rule 60 (lista_exprs -> lista_exprs error ; .)
    NOT             reduce using rule 60 (lista_exprs -> lista_exprs error ; .)


state 126

    (62) lista_exprs -> lista_exprs Expresion ; .
    }               reduce using rule 62 (lista_exprs -> lista_exprs Expresion ; .)
    error           reduce using rule 62 (lista_exprs -> lista_exprs Expresion ; .)
    BOOL_CONST      reduce using rule 62 (lista_exprs -> lista_exprs Expresion ; .)
    STR_CONST       reduce using rule 62 (lista_exprs -> lista_exprs Expresion ; .)
    INT_CONST       reduce using rule 62 (lista_exprs -> lista_exprs Expresion ; .)
    OBJECTID        reduce using rule 62 (lista_exprs -> lista_exprs Expresion ; .)
    {               reduce using rule 62 (lista_exprs -> lista_exprs Expresion ; .)
    NEW             reduce using rule 62 (lista_exprs -> lista_exprs Expresion ; .)
    CASE            reduce using rule 62 (lista_exprs -> lista_exprs Expresion ; .)
    LET             reduce using rule 62 (lista_exprs -> lista_exprs Expresion ; .)
    WHILE           reduce using rule 62 (lista_exprs -> lista_exprs Expresion ; .)
    IF              reduce using rule 62 (lista_exprs -> lista_exprs Expresion ; .)
    (               reduce using rule 62 (lista_exprs -> lista_exprs Expresion ; .)
    ~               reduce using rule 62 (lista_exprs -> lista_exprs Expresion ; .)
    ISVOID          reduce using rule 62 (lista_exprs -> lista_exprs Expresion ; .)
    NOT             reduce using rule 62 (lista_exprs -> lista_exprs Expresion ; .)


state 127

    (29) Expresion -> CASE error OF lista_ramas . ESAC
    (57) lista_ramas -> lista_ramas . rama_case
    (59) rama_case -> . OBJECTID : TYPEID DARROW Expresion ;
    ESAC            shift and go to state 142
    OBJECTID        shift and go to state 129

    rama_case                      shift and go to state 143

state 128

    (58) lista_ramas -> rama_case .
    ESAC            reduce using rule 58 (lista_ramas -> rama_case .)
    OBJECTID        reduce using rule 58 (lista_ramas -> rama_case .)


state 129

    (59) rama_case -> OBJECTID . : TYPEID DARROW Expresion ;
    :               shift and go to state 144


state 130

    (30) Expresion -> CASE Expresion OF lista_ramas . ESAC
    (57) lista_ramas -> lista_ramas . rama_case
    (59) rama_case -> . OBJECTID : TYPEID DARROW Expresion ;
    ESAC            shift and go to state 145
    OBJECTID        shift and go to state 129

    rama_case                      shift and go to state 143

state 131

    (31) Expresion -> LET lista_let IN Expresion .
    (36) Expresion -> Expresion . . OBJECTID ( lista_args )
    (37) Expresion -> Expresion . . OBJECTID ( )
    (38) Expresion -> Expresion . @ TYPEID . OBJECTID ( lista_args )
    (39) Expresion -> Expresion . @ TYPEID . OBJECTID ( )
    (44) Expresion -> Expresion . = Expresion
    (45) Expresion -> Expresion . LE Expresion
    (46) Expresion -> Expresion . < Expresion
    (47) Expresion -> Expresion . / Expresion
    (48) Expresion -> Expresion . * Expresion
    (49) Expresion -> Expresion . - Expresion
    (50) Expresion -> Expresion . + Expresion
  ! shift/reduce conflict for . resolved as shift
  ! shift/reduce conflict for @ resolved as shift
  ! shift/reduce conflict for = resolved as shift
  ! shift/reduce conflict for LE resolved as shift
  ! shift/reduce conflict for < resolved as shift
  ! shift/reduce conflict for / resolved as shift
  ! shift/reduce conflict for * resolved as shift
  ! shift/reduce conflict for - resolved as shift
  ! shift/reduce conflict for + resolved as shift
    ;               reduce using rule 31 (Expresion -> LET lista_let IN Expresion .)
    OF              reduce using rule 31 (Expresion -> LET lista_let IN Expresion .)
    LOOP            reduce using rule 31 (Expresion -> LET lista_let IN Expresion .)
    THEN            reduce using rule 31 (Expresion -> LET lista_let IN Expresion .)
    )               reduce using rule 31 (Expresion -> LET lista_let IN Expresion .)
    }               reduce using rule 31 (Expresion -> LET lista_let IN Expresion .)
    ,               reduce using rule 31 (Expresion -> LET lista_let IN Expresion .)
    POOL            reduce using rule 31 (Expresion -> LET lista_let IN Expresion .)
    ELSE            reduce using rule 31 (Expresion -> LET lista_let IN Expresion .)
    IN              reduce using rule 31 (Expresion -> LET lista_let IN Expresion .)
    FI              reduce using rule 31 (Expresion -> LET lista_let IN Expresion .)
    .               shift and go to state 67
    @               shift and go to state 68
    =               shift and go to state 69
    LE              shift and go to state 70
    <               shift and go to state 71
    /               shift and go to state 72
    *               shift and go to state 73
    -               shift and go to state 74
    +               shift and go to state 75


state 132

    (52) lista_let -> lista_let , binding_let .
    IN              reduce using rule 52 (lista_let -> lista_let , binding_let .)
    ,               reduce using rule 52 (lista_let -> lista_let , binding_let .)


state 133

    (54) binding_let -> OBJECTID : TYPEID . ASSIGN error
    (55) binding_let -> OBJECTID : TYPEID . ASSIGN Expresion
    (56) binding_let -> OBJECTID : TYPEID .
    ASSIGN          shift and go to state 146
    IN              reduce using rule 56 (binding_let -> OBJECTID : TYPEID .)
    ,               reduce using rule 56 (binding_let -> OBJECTID : TYPEID .)


state 134

    (32) Expresion -> WHILE Expresion LOOP Expresion . POOL
    (36) Expresion -> Expresion . . OBJECTID ( lista_args )
    (37) Expresion -> Expresion . . OBJECTID ( )
    (38) Expresion -> Expresion . @ TYPEID . OBJECTID ( lista_args )
    (39) Expresion -> Expresion . @ TYPEID . OBJECTID ( )
    (44) Expresion -> Expresion . = Expresion
    (45) Expresion -> Expresion . LE Expresion
    (46) Expresion -> Expresion . < Expresion
    (47) Expresion -> Expresion . / Expresion
    (48) Expresion -> Expresion . * Expresion
    (49) Expresion -> Expresion . - Expresion
    (50) Expresion -> Expresion . + Expresion
    POOL            shift and go to state 147
    .               shift and go to state 67
    @               shift and go to state 68
    =               shift and go to state 69
    LE              shift and go to state 70
    <               shift and go to state 71
    /               shift and go to state 72
    *               shift and go to state 73
    -               shift and go to state 74
    +               shift and go to state 75


state 135

    (33) Expresion -> IF Expresion THEN Expresion . ELSE Expresion FI
    (36) Expresion -> Expresion . . OBJECTID ( lista_args )
    (37) Expresion -> Expresion . . OBJECTID ( )
    (38) Expresion -> Expresion . @ TYPEID . OBJECTID ( lista_args )
    (39) Expresion -> Expresion . @ TYPEID . OBJECTID ( )
    (44) Expresion -> Expresion . = Expresion
    (45) Expresion -> Expresion . LE Expresion
    (46) Expresion -> Expresion . < Expresion
    (47) Expresion -> Expresion . / Expresion
    (48) Expresion -> Expresion . * Expresion
    (49) Expresion -> Expresion . - Expresion
    (50) Expresion -> Expresion . + Expresion
    ELSE            shift and go to state 148
    .               shift and go to state 67
    @               shift and go to state 68
    =               shift and go to state 69
    LE              shift and go to state 70
    <               shift and go to state 71
    /               shift and go to state 72
    *               shift and go to state 73
    -               shift and go to state 74
    +               shift and go to state 75


state 136

    (17) metodo -> OBJECTID ( lista_formales ) : TYPEID { Expresion } . ;
    ;               shift and go to state 149


state 137

    (18) metodo -> OBJECTID ( ) : TYPEID { Expresion } ; .
    }               reduce using rule 18 (metodo -> OBJECTID ( ) : TYPEID { Expresion } ; .)
    error           reduce using rule 18 (metodo -> OBJECTID ( ) : TYPEID { Expresion } ; .)
    OBJECTID        reduce using rule 18 (metodo -> OBJECTID ( ) : TYPEID { Expresion } ; .)


state 138

    (64) lista_args -> lista_args , Expresion .
    (36) Expresion -> Expresion . . OBJECTID ( lista_args )
    (37) Expresion -> Expresion . . OBJECTID ( )
    (38) Expresion -> Expresion . @ TYPEID . OBJECTID ( lista_args )
    (39) Expresion -> Expresion . @ TYPEID . OBJECTID ( )
    (44) Expresion -> Expresion . = Expresion
    (45) Expresion -> Expresion . LE Expresion
    (46) Expresion -> Expresion . < Expresion
    (47) Expresion -> Expresion . / Expresion
    (48) Expresion -> Expresion . * Expresion
    (49) Expresion -> Expresion . - Expresion
    (50) Expresion -> Expresion . + Expresion
    )               reduce using rule 64 (lista_args -> lista_args , Expresion .)
    ,               reduce using rule 64 (lista_args -> lista_args , Expresion .)
    .               shift and go to state 67
    @               shift and go to state 68
    =               shift and go to state 69
    LE              shift and go to state 70
    <               shift and go to state 71
    /               shift and go to state 72
    *               shift and go to state 73
    -               shift and go to state 74
    +               shift and go to state 75


state 139

    (36) Expresion -> Expresion . OBJECTID ( lista_args . )
    (64) lista_args -> lista_args . , Expresion
    )               shift and go to state 150
    ,               shift and go to state 122


state 140

    (37) Expresion -> Expresion . OBJECTID ( ) .
    ;               reduce using rule 37 (Expresion -> Expresion . OBJECTID ( ) .)
    .               reduce using rule 37 (Expresion -> Expresion . OBJECTID ( ) .)
    @               reduce using rule 37 (Expresion -> Expresion . OBJECTID ( ) .)
    =               reduce using rule 37 (Expresion -> Expresion . OBJECTID ( ) .)
    LE              reduce using rule 37 (Expresion -> Expresion . OBJECTID ( ) .)
    <               reduce using rule 37 (Expresion -> Expresion . OBJECTID ( ) .)
    /               reduce using rule 37 (Expresion -> Expresion . OBJECTID ( ) .)
    *               reduce using rule 37 (Expresion -> Expresion . OBJECTID ( ) .)
    -               reduce using rule 37 (Expresion -> Expresion . OBJECTID ( ) .)
    +               reduce using rule 37 (Expresion -> Expresion . OBJECTID ( ) .)
    OF              reduce using rule 37 (Expresion -> Expresion . OBJECTID ( ) .)
    LOOP            reduce using rule 37 (Expresion -> Expresion . OBJECTID ( ) .)
    THEN            reduce using rule 37 (Expresion -> Expresion . OBJECTID ( ) .)
    )               reduce using rule 37 (Expresion -> Expresion . OBJECTID ( ) .)
    }               reduce using rule 37 (Expresion -> Expresion . OBJECTID ( ) .)
    ,               reduce using rule 37 (Expresion -> Expresion . OBJECTID ( ) .)
    POOL            reduce using rule 37 (Expresion -> Expresion . OBJECTID ( ) .)
    ELSE            reduce using rule 37 (Expresion -> Expresion . OBJECTID ( ) .)
    IN              reduce using rule 37 (Expresion -> Expresion . OBJECTID ( ) .)
    FI              reduce using rule 37 (Expresion -> Expresion . OBJECTID ( ) .)


state 141

    (38) Expresion -> Expresion @ TYPEID . OBJECTID . ( lista_args )
    (39) Expresion -> Expresion @ TYPEID . OBJECTID . ( )
    (               shift and go to state 151


state 142

    (29) Expresion -> CASE error OF lista_ramas ESAC .
    ;               reduce using rule 29 (Expresion -> CASE error OF lista_ramas ESAC .)
    .               reduce using rule 29 (Expresion -> CASE error OF lista_ramas ESAC .)
    @               reduce using rule 29 (Expresion -> CASE error OF lista_ramas ESAC .)
    =               reduce using rule 29 (Expresion -> CASE error OF lista_ramas ESAC .)
    LE              reduce using rule 29 (Expresion -> CASE error OF lista_ramas ESAC .)
    <               reduce using rule 29 (Expresion -> CASE error OF lista_ramas ESAC .)
    /               reduce using rule 29 (Expresion -> CASE error OF lista_ramas ESAC .)
    *               reduce using rule 29 (Expresion -> CASE error OF lista_ramas ESAC .)
    -               reduce using rule 29 (Expresion -> CASE error OF lista_ramas ESAC .)
    +               reduce using rule 29 (Expresion -> CASE error OF lista_ramas ESAC .)
    OF              reduce using rule 29 (Expresion -> CASE error OF lista_ramas ESAC .)
    LOOP            reduce using rule 29 (Expresion -> CASE error OF lista_ramas ESAC .)
    THEN            reduce using rule 29 (Expresion -> CASE error OF lista_ramas ESAC .)
    )               reduce using rule 29 (Expresion -> CASE error OF lista_ramas ESAC .)
    }               reduce using rule 29 (Expresion -> CASE error OF lista_ramas ESAC .)
    ,               reduce using rule 29 (Expresion -> CASE error OF lista_ramas ESAC .)
    POOL            reduce using rule 29 (Expresion -> CASE error OF lista_ramas ESAC .)
    ELSE            reduce using rule 29 (Expresion -> CASE error OF lista_ramas ESAC .)
    IN              reduce using rule 29 (Expresion -> CASE error OF lista_ramas ESAC .)
    FI              reduce using rule 29 (Expresion -> CASE error OF lista_ramas ESAC .)


state 143

    (57) lista_ramas -> lista_ramas rama_case .
    ESAC            reduce using rule 57 (lista_ramas -> lista_ramas rama_case .)
    OBJECTID        reduce using rule 57 (lista_ramas -> lista_ramas rama_case .)


state 144

    (59) rama_case -> OBJECTID : . TYPEID DARROW Expresion ;
    TYPEID          shift and go to state 152


state 145

    (30) Expresion -> CASE Expresion OF lista_ramas ESAC .
    ;               reduce using rule 30 (Expresion -> CASE Expresion OF lista_ramas ESAC .)
    .               reduce using rule 30 (Expresion -> CASE Expresion OF lista_ramas ESAC .)
    @               reduce using rule 30 (Expresion -> CASE Expresion OF lista_ramas ESAC .)
    =               reduce using rule 30 (Expresion -> CASE Expresion OF lista_ramas ESAC .)
    LE              reduce using rule 30 (Expresion -> CASE Expresion OF lista_ramas ESAC .)
    <               reduce using rule 30 (Expresion -> CASE Expresion OF lista_ramas ESAC .)
    /               reduce using rule 30 (Expresion -> CASE Expresion OF lista_ramas ESAC .)
    *               reduce using rule 30 (Expresion -> CASE Expresion OF lista_ramas ESAC .)
    -               reduce using rule 30 (Expresion -> CASE Expresion OF lista_ramas ESAC .)
    +               reduce using rule 30 (Expresion -> CASE Expresion OF lista_ramas ESAC .)
    OF              reduce using rule 30 (Expresion -> CASE Expresion OF lista_ramas ESAC .)
    LOOP            reduce using rule 30 (Expresion -> CASE Expresion OF lista_ramas ESAC .)
    THEN            reduce using rule 30 (Expresion -> CASE Expresion OF lista_ramas ESAC .)
    )               reduce using rule 30 (Expresion -> CASE Expresion OF lista_ramas ESAC .)
    }               reduce using rule 30 (Expresion -> CASE Expresion OF lista_ramas ESAC .)
    ,               reduce using rule 30 (Expresion -> CASE Expresion OF lista_ramas ESAC .)
    POOL            reduce using rule 30 (Expresion -> CASE Expresion OF lista_ramas ESAC .)
    ELSE            reduce using rule 30 (Expresion -> CASE Expresion OF lista_ramas ESAC .)
    IN              reduce using rule 30 (Expresion -> CASE Expresion OF lista_ramas ESAC .)
    FI              reduce using rule 30 (Expresion -> CASE Expresion OF lista_ramas ESAC .)


state 146

    (54) binding_let -> OBJECTID : TYPEID ASSIGN . error
    (55) binding_let -> OBJECTID : TYPEID ASSIGN . Expresion
    (23) Expresion -> . BOOL_CONST
    (24) Expresion -> . STR_CONST
    (25) Expresion -> . INT_CONST
    (26) Expresion -> . OBJECTID
    (27) Expresion -> . { lista_exprs }
    (28) Expresion -> . NEW TYPEID
    (29) Expresion -> . CASE error OF lista_ramas ESAC
    (30) Expresion -> . CASE Expresion OF lista_ramas ESAC
    (31) Expresion -> . LET lista_let IN Expresion
    (32) Expresion -> . WHILE Expresion LOOP Expresion POOL
    (33) Expresion -> . IF Expresion THEN Expresion ELSE Expresion FI
    (34) Expresion -> . OBJECTID ( lista_args )
    (35) Expresion -> . OBJECTID ( )
    (36) Expresion -> . Expresion . OBJECTID ( lista_args )
    (37) Expresion -> . Expresion . OBJECTID ( )
    (38) Expresion -> . Expresion @ TYPEID . OBJECTID ( lista_args )
    (39) Expresion -> . Expresion @ TYPEID . OBJECTID ( )
    (40) Expresion -> . ( Expresion )
    (41) Expresion -> . ~ Expresion
    (42) Expresion -> . ISVOID Expresion
    (43) Expresion -> . NOT Expresion
    (44) Expresion -> . Expresion = Expresion
    (45) Expresion -> . Expresion LE Expresion
    (46) Expresion -> . Expresion < Expresion
    (47) Expresion -> . Expresion / Expresion
    (48) Expresion -> . Expresion * Expresion
    (49) Expresion -> . Expresion - Expresion
    (50) Expresion -> . Expresion + Expresion
    (51) Expresion -> . OBJECTID ASSIGN Expresion
    error           shift and go to state 153
    BOOL_CONST      shift and go to state 49
    STR_CONST       shift and go to state 50
    INT_CONST       shift and go to state 51
    OBJECTID        shift and go to state 47
    {               shift and go to state 52
    NEW             shift and go to state 53
    CASE            shift and go to state 54
    LET             shift and go to state 55
    WHILE           shift and go to state 56
    IF              shift and go to state 57
    (               shift and go to state 58
    ~               shift and go to state 59
    ISVOID          shift and go to state 60
    NOT             shift and go to state 61

    Expresion                      shift and go to state 154

state 147

    (32) Expresion -> WHILE Expresion LOOP Expresion POOL .
    ;               reduce using rule 32 (Expresion -> WHILE Expresion LOOP Expresion POOL .)
    .               reduce using rule 32 (Expresion -> WHILE Expresion LOOP Expresion POOL .)
    @               reduce using rule 32 (Expresion -> WHILE Expresion LOOP Expresion POOL .)
    =               reduce using rule 32 (Expresion -> WHILE Expresion LOOP Expresion POOL .)
    LE              reduce using rule 32 (Expresion -> WHILE Expresion LOOP Expresion POOL .)
    <               reduce using rule 32 (Expresion -> WHILE Expresion LOOP Expresion POOL .)
    /               reduce using rule 32 (Expresion -> WHILE Expresion LOOP Expresion POOL .)
    *               reduce using rule 32 (Expresion -> WHILE Expresion LOOP Expresion POOL .)
    -               reduce using rule 32 (Expresion -> WHILE Expresion LOOP Expresion POOL .)
    +               reduce using rule 32 (Expresion -> WHILE Expresion LOOP Expresion POOL .)
    OF              reduce using rule 32 (Expresion -> WHILE Expresion LOOP Expresion POOL .)
    LOOP            reduce using rule 32 (Expresion -> WHILE Expresion LOOP Expresion POOL .)
    THEN            reduce using rule 32 (Expresion -> WHILE Expresion LOOP Expresion POOL .)
    )               reduce using rule 32 (Expresion -> WHILE Expresion LOOP Expresion POOL .)
    }               reduce using rule 32 (Expresion -> WHILE Expresion LOOP Expresion POOL .)
    ,               reduce using rule 32 (Expresion -> WHILE Expresion LOOP Expresion POOL .)
    POOL            reduce using rule 32 (Expresion -> WHILE Expresion LOOP Expresion POOL .)
    ELSE            reduce using rule 32 (Expresion -> WHILE Expresion LOOP Expresion POOL .)
    IN              reduce using rule 32 (Expresion -> WHILE Expresion LOOP Expresion POOL .)
    FI              reduce using rule 32 (Expresion -> WHILE Expresion LOOP Expresion POOL .)


state 148

    (33) Expresion -> IF Expresion THEN Expresion ELSE . Expresion FI
    (23) Expresion -> . BOOL_CONST
    (24) Expresion -> . STR_CONST
    (25) Expresion -> . INT_CONST
    (26) Expresion -> . OBJECTID
    (27) Expresion -> . { lista_exprs }
    (28) Expresion -> . NEW TYPEID
    (29) Expresion -> . CASE error OF lista_ramas ESAC
    (30) Expresion -> . CASE Expresion OF lista_ramas ESAC
    (31) Expresion -> . LET lista_let IN Expresion
    (32) Expresion -> . WHILE Expresion LOOP Expresion POOL
    (33) Expresion -> . IF Expresion THEN Expresion ELSE Expresion FI
    (34) Expresion -> . OBJECTID ( lista_args )
    (35) Expresion -> . OBJECTID ( )
    (36) Expresion -> . Expresion . OBJECTID ( lista_args )
    (37) Expresion -> . Expresion . OBJECTID ( )
    (38) Expresion -> . Expresion @ TYPEID . OBJECTID ( lista_args )
    (39) Expresion -> . Expresion @ TYPEID . OBJECTID ( )
    (40) Expresion -> . ( Expresion )
    (41) Expresion -> . ~ Expresion
    (42) Expresion -> . ISVOID Expresion
    (43) Expresion -> . NOT Expresion
    (44) Expresion -> . Expresion = Expresion
    (45) Expresion -> . Expresion LE Expresion
    (46) Expresion -> . Expresion < Expresion
    (47) Expresion -> . Expresion / Expresion
    (48) Expresion -> . Expresion * Expresion
    (49) Expresion -> . Expresion - Expresion
    (50) Expresion -> . Expresion + Expresion
    (51) Expresion -> . OBJECTID ASSIGN Expresion
    BOOL_CONST      shift and go to state 49
    STR_CONST       shift and go to state 50
    INT_CONST       shift and go to state 51
    OBJECTID        shift and go to state 47
    {               shift and go to state 52
    NEW             shift and go to state 53
    CASE            shift and go to state 54
    LET             shift and go to state 55
    WHILE           shift and go to state 56
    IF              shift and go to state 57
    (               shift and go to state 58
    ~               shift and go to state 59
    ISVOID          shift and go to state 60
    NOT             shift and go to state 61

    Expresion                      shift and go to state 155

state 149

    (17) metodo -> OBJECTID ( lista_formales ) : TYPEID { Expresion } ; .
    }               reduce using rule 17 (metodo -> OBJECTID ( lista_formales ) : TYPEID { Expresion } ; .)
    error           reduce using rule 17 (metodo -> OBJECTID ( lista_formales ) : TYPEID { Expresion } ; .)
    OBJECTID        reduce using rule 17 (metodo -> OBJECTID ( lista_formales ) : TYPEID { Expresion } ; .)


state 150

    (36) Expresion -> Expresion . OBJECTID ( lista_args ) .
    ;               reduce using rule 36 (Expresion -> Expresion . OBJECTID ( lista_args ) .)
    .               reduce using rule 36 (Expresion -> Expresion . OBJECTID ( lista_args ) .)
    @               reduce using rule 36 (Expresion -> Expresion . OBJECTID ( lista_args ) .)
    =               reduce using rule 36 (Expresion -> Expresion . OBJECTID ( lista_args ) .)
    LE              reduce using rule 36 (Expresion -> Expresion . OBJECTID ( lista_args ) .)
    <               reduce using rule 36 (Expresion -> Expresion . OBJECTID ( lista_args ) .)
    /               reduce using rule 36 (Expresion -> Expresion . OBJECTID ( lista_args ) .)
    *               reduce using rule 36 (Expresion -> Expresion . OBJECTID ( lista_args ) .)
    -               reduce using rule 36 (Expresion -> Expresion . OBJECTID ( lista_args ) .)
    +               reduce using rule 36 (Expresion -> Expresion . OBJECTID ( lista_args ) .)
    OF              reduce using rule 36 (Expresion -> Expresion . OBJECTID ( lista_args ) .)
    LOOP            reduce using rule 36 (Expresion -> Expresion . OBJECTID ( lista_args ) .)
    THEN            reduce using rule 36 (Expresion -> Expresion . OBJECTID ( lista_args ) .)
    )               reduce using rule 36 (Expresion -> Expresion . OBJECTID ( lista_args ) .)
    }               reduce using rule 36 (Expresion -> Expresion . OBJECTID ( lista_args ) .)
    ,               reduce using rule 36 (Expresion -> Expresion . OBJECTID ( lista_args ) .)
    POOL            reduce using rule 36 (Expresion -> Expresion . OBJECTID ( lista_args ) .)
    ELSE            reduce using rule 36 (Expresion -> Expresion . OBJECTID ( lista_args ) .)
    IN              reduce using rule 36 (Expresion -> Expresion . OBJECTID ( lista_args ) .)
    FI              reduce using rule 36 (Expresion -> Expresion . OBJECTID ( lista_args ) .)


state 151

    (38) Expresion -> Expresion @ TYPEID . OBJECTID ( . lista_args )
    (39) Expresion -> Expresion @ TYPEID . OBJECTID ( . )
    (64) lista_args -> . lista_args , Expresion
    (65) lista_args -> . Expresion
    (23) Expresion -> . BOOL_CONST
    (24) Expresion -> . STR_CONST
    (25) Expresion -> . INT_CONST
    (26) Expresion -> . OBJECTID
    (27) Expresion -> . { lista_exprs }
    (28) Expresion -> . NEW TYPEID
    (29) Expresion -> . CASE error OF lista_ramas ESAC
    (30) Expresion -> . CASE Expresion OF lista_ramas ESAC
    (31) Expresion -> . LET lista_let IN Expresion
    (32) Expresion -> . WHILE Expresion LOOP Expresion POOL
    (33) Expresion -> . IF Expresion THEN Expresion ELSE Expresion FI
    (34) Expresion -> . OBJECTID ( lista_args )
    (35) Expresion -> . OBJECTID ( )
    (36) Expresion -> . Expresion . OBJECTID ( lista_args )
    (37) Expresion -> . Expresion . OBJECTID ( )
    (38) Expresion -> . Expresion @ TYPEID . OBJECTID ( lista_args )
    (39) Expresion -> . Expresion @ TYPEID . OBJECTID ( )
    (40) Expresion -> . ( Expresion )
    (41) Expresion -> . ~ Expresion
    (42) Expresion -> . ISVOID Expresion
    (43) Expresion -> . NOT Expresion
    (44) Expresion -> . Expresion = Expresion
    (45) Expresion -> . Expresion LE Expresion
    (46) Expresion -> . Expresion < Expresion
    (47) Expresion -> . Expresion / Expresion
    (48) Expresion -> . Expresion * Expresion
    (49) Expresion -> . Expresion - Expresion
    (50) Expresion -> . Expresion + Expresion
    (51) Expresion -> . OBJECTID ASSIGN Expresion
    )               shift and go to state 157
    BOOL_CONST      shift and go to state 49
    STR_CONST       shift and go to state 50
    INT_CONST       shift and go to state 51
    OBJECTID        shift and go to state 47
    {               shift and go to state 52
    NEW             shift and go to state 53
    CASE            shift and go to state 54
    LET             shift and go to state 55
    WHILE           shift and go to state 56
    IF              shift and go to state 57
    (               shift and go to state 58
    ~               shift and go to state 59
    ISVOID          shift and go to state 60
    NOT             shift and go to state 61

    Expresion                      shift and go to state 95
    lista_args                     shift and go to state 156

state 152

    (59) rama_case -> OBJECTID : TYPEID . DARROW Expresion ;
    DARROW          shift and go to state 158


state 153

    (54) binding_let -> OBJECTID : TYPEID ASSIGN error .
    IN              reduce using rule 54 (binding_let -> OBJECTID : TYPEID ASSIGN error .)
    ,               reduce using rule 54 (binding_let -> OBJECTID : TYPEID ASSIGN error .)


state 154

    (55) binding_let -> OBJECTID : TYPEID ASSIGN Expresion .
    (36) Expresion -> Expresion . . OBJECTID ( lista_args )
    (37) Expresion -> Expresion . . OBJECTID ( )
    (38) Expresion -> Expresion . @ TYPEID . OBJECTID ( lista_args )
    (39) Expresion -> Expresion . @ TYPEID . OBJECTID ( )
    (44) Expresion -> Expresion . = Expresion
    (45) Expresion -> Expresion . LE Expresion
    (46) Expresion -> Expresion . < Expresion
    (47) Expresion -> Expresion . / Expresion
    (48) Expresion -> Expresion . * Expresion
    (49) Expresion -> Expresion . - Expresion
    (50) Expresion -> Expresion . + Expresion
    IN              reduce using rule 55 (binding_let -> OBJECTID : TYPEID ASSIGN Expresion .)
    ,               reduce using rule 55 (binding_let -> OBJECTID : TYPEID ASSIGN Expresion .)
    .               shift and go to state 67
    @               shift and go to state 68
    =               shift and go to state 69
    LE              shift and go to state 70
    <               shift and go to state 71
    /               shift and go to state 72
    *               shift and go to state 73
    -               shift and go to state 74
    +               shift and go to state 75


state 155

    (33) Expresion -> IF Expresion THEN Expresion ELSE Expresion . FI
    (36) Expresion -> Expresion . . OBJECTID ( lista_args )
    (37) Expresion -> Expresion . . OBJECTID ( )
    (38) Expresion -> Expresion . @ TYPEID . OBJECTID ( lista_args )
    (39) Expresion -> Expresion . @ TYPEID . OBJECTID ( )
    (44) Expresion -> Expresion . = Expresion
    (45) Expresion -> Expresion . LE Expresion
    (46) Expresion -> Expresion . < Expresion
    (47) Expresion -> Expresion . / Expresion
    (48) Expresion -> Expresion . * Expresion
    (49) Expresion -> Expresion . - Expresion
    (50) Expresion -> Expresion . + Expresion
    FI              shift and go to state 159
    .               shift and go to state 67
    @               shift and go to state 68
    =               shift and go to state 69
    LE              shift and go to state 70
    <               shift and go to state 71
    /               shift and go to state 72
    *               shift and go to state 73
    -               shift and go to state 74
    +               shift and go to state 75


state 156

    (38) Expresion -> Expresion @ TYPEID . OBJECTID ( lista_args . )
    (64) lista_args -> lista_args . , Expresion
    )               shift and go to state 160
    ,               shift and go to state 122


state 157

    (39) Expresion -> Expresion @ TYPEID . OBJECTID ( ) .
    ;               reduce using rule 39 (Expresion -> Expresion @ TYPEID . OBJECTID ( ) .)
    .               reduce using rule 39 (Expresion -> Expresion @ TYPEID . OBJECTID ( ) .)
    @               reduce using rule 39 (Expresion -> Expresion @ TYPEID . OBJECTID ( ) .)
    =               reduce using rule 39 (Expresion -> Expresion @ TYPEID . OBJECTID ( ) .)
    LE              reduce using rule 39 (Expresion -> Expresion @ TYPEID . OBJECTID ( ) .)
    <               reduce using rule 39 (Expresion -> Expresion @ TYPEID . OBJECTID ( ) .)
    /               reduce using rule 39 (Expresion -> Expresion @ TYPEID . OBJECTID ( ) .)
    *               reduce using rule 39 (Expresion -> Expresion @ TYPEID . OBJECTID ( ) .)
    -               reduce using rule 39 (Expresion -> Expresion @ TYPEID . OBJECTID ( ) .)
    +               reduce using rule 39 (Expresion -> Expresion @ TYPEID . OBJECTID ( ) .)
    OF              reduce using rule 39 (Expresion -> Expresion @ TYPEID . OBJECTID ( ) .)
    LOOP            reduce using rule 39 (Expresion -> Expresion @ TYPEID . OBJECTID ( ) .)
    THEN            reduce using rule 39 (Expresion -> Expresion @ TYPEID . OBJECTID ( ) .)
    )               reduce using rule 39 (Expresion -> Expresion @ TYPEID . OBJECTID ( ) .)
    }               reduce using rule 39 (Expresion -> Expresion @ TYPEID . OBJECTID ( ) .)
    ,               reduce using rule 39 (Expresion -> Expresion @ TYPEID . OBJECTID ( ) .)
    POOL            reduce using rule 39 (Expresion -> Expresion @ TYPEID . OBJECTID ( ) .)
    ELSE            reduce using rule 39 (Expresion -> Expresion @ TYPEID . OBJECTID ( ) .)
    IN              reduce using rule 39 (Expresion -> Expresion @ TYPEID . OBJECTID ( ) .)
    FI              reduce using rule 39 (Expresion -> Expresion @ TYPEID . OBJECTID ( ) .)


state 158

    (59) rama_case -> OBJECTID : TYPEID DARROW . Expresion ;
    (23) Expresion -> . BOOL_CONST
    (24) Expresion -> . STR_CONST
    (25) Expresion -> . INT_CONST
    (26) Expresion -> . OBJECTID
    (27) Expresion -> . { lista_exprs }
    (28) Expresion -> . NEW TYPEID
    (29) Expresion -> . CASE error OF lista_ramas ESAC
    (30) Expresion -> . CASE Expresion OF lista_ramas ESAC
    (31) Expresion -> . LET lista_let IN Expresion
    (32) Expresion -> . WHILE Expresion LOOP Expresion POOL
    (33) Expresion -> . IF Expresion THEN Expresion ELSE Expresion FI
    (34) Expresion -> . OBJECTID ( lista_args )
    (35) Expresion -> . OBJECTID ( )
    (36) Expresion -> . Expresion . OBJECTID ( lista_args )
    (37) Expresion -> . Expresion . OBJECTID ( )
    (38) Expresion -> . Expresion @ TYPEID . OBJECTID ( lista_args )
    (39) Expresion -> . Expresion @ TYPEID . OBJECTID ( )
    (40) Expresion -> . ( Expresion )
    (41) Expresion -> . ~ Expresion
    (42) Expresion -> . ISVOID Expresion
    (43) Expresion -> . NOT Expresion
    (44) Expresion -> . Expresion = Expresion
    (45) Expresion -> . Expresion LE Expresion
    (46) Expresion -> . Expresion < Expresion
    (47) Expresion -> . Expresion / Expresion
    (48) Expresion -> . Expresion * Expresion
    (49) Expresion -> . Expresion - Expresion
    (50) Expresion -> . Expresion + Expresion
    (51) Expresion -> . OBJECTID ASSIGN Expresion
    BOOL_CONST      shift and go to state 49
    STR_CONST       shift and go to state 50
    INT_CONST       shift and go to state 51
    OBJECTID        shift and go to state 47
    {               shift and go to state 52
    NEW             shift and go to state 53
    CASE            shift and go to state 54
    LET             shift and go to state 55
    WHILE           shift and go to state 56
    IF              shift and go to state 57
    (               shift and go to state 58
    ~               shift and go to state 59
    ISVOID          shift and go to state 60
    NOT             shift and go to state 61

    Expresion                      shift and go to state 161

state 159

    (33) Expresion -> IF Expresion THEN Expresion ELSE Expresion FI .
    ;               reduce using rule 33 (Expresion -> IF Expresion THEN Expresion ELSE Expresion FI .)
    .               reduce using rule 33 (Expresion -> IF Expresion THEN Expresion ELSE Expresion FI .)
    @               reduce using rule 33 (Expresion -> IF Expresion THEN Expresion ELSE Expresion FI .)
    =               reduce using rule 33 (Expresion -> IF Expresion THEN Expresion ELSE Expresion FI .)
    LE              reduce using rule 33 (Expresion -> IF Expresion THEN Expresion ELSE Expresion FI .)
    <               reduce using rule 33 (Expresion -> IF Expresion THEN Expresion ELSE Expresion FI .)
    /               reduce using rule 33 (Expresion -> IF Expresion THEN Expresion ELSE Expresion FI .)
    *               reduce using rule 33 (Expresion -> IF Expresion THEN Expresion ELSE Expresion FI .)
    -               reduce using rule 33 (Expresion -> IF Expresion THEN Expresion ELSE Expresion FI .)
    +               reduce using rule 33 (Expresion -> IF Expresion THEN Expresion ELSE Expresion FI .)
    OF              reduce using rule 33 (Expresion -> IF Expresion THEN Expresion ELSE Expresion FI .)
    LOOP            reduce using rule 33 (Expresion -> IF Expresion THEN Expresion ELSE Expresion FI .)
    THEN            reduce using rule 33 (Expresion -> IF Expresion THEN Expresion ELSE Expresion FI .)
    )               reduce using rule 33 (Expresion -> IF Expresion THEN Expresion ELSE Expresion FI .)
    }               reduce using rule 33 (Expresion -> IF Expresion THEN Expresion ELSE Expresion FI .)
    ,               reduce using rule 33 (Expresion -> IF Expresion THEN Expresion ELSE Expresion FI .)
    POOL            reduce using rule 33 (Expresion -> IF Expresion THEN Expresion ELSE Expresion FI .)
    ELSE            reduce using rule 33 (Expresion -> IF Expresion THEN Expresion ELSE Expresion FI .)
    IN              reduce using rule 33 (Expresion -> IF Expresion THEN Expresion ELSE Expresion FI .)
    FI              reduce using rule 33 (Expresion -> IF Expresion THEN Expresion ELSE Expresion FI .)


state 160

    (38) Expresion -> Expresion @ TYPEID . OBJECTID ( lista_args ) .
    ;               reduce using rule 38 (Expresion -> Expresion @ TYPEID . OBJECTID ( lista_args ) .)
    .               reduce using rule 38 (Expresion -> Expresion @ TYPEID . OBJECTID ( lista_args ) .)
    @               reduce using rule 38 (Expresion -> Expresion @ TYPEID . OBJECTID ( lista_args ) .)
    =               reduce using rule 38 (Expresion -> Expresion @ TYPEID . OBJECTID ( lista_args ) .)
    LE              reduce using rule 38 (Expresion -> Expresion @ TYPEID . OBJECTID ( lista_args ) .)
    <               reduce using rule 38 (Expresion -> Expresion @ TYPEID . OBJECTID ( lista_args ) .)
    /               reduce using rule 38 (Expresion -> Expresion @ TYPEID . OBJECTID ( lista_args ) .)
    *               reduce using rule 38 (Expresion -> Expresion @ TYPEID . OBJECTID ( lista_args ) .)
    -               reduce using rule 38 (Expresion -> Expresion @ TYPEID . OBJECTID ( lista_args ) .)
    +               reduce using rule 38 (Expresion -> Expresion @ TYPEID . OBJECTID ( lista_args ) .)
    OF              reduce using rule 38 (Expresion -> Expresion @ TYPEID . OBJECTID ( lista_args ) .)
    LOOP            reduce using rule 38 (Expresion -> Expresion @ TYPEID . OBJECTID ( lista_args ) .)
    THEN            reduce using rule 38 (Expresion -> Expresion @ TYPEID . OBJECTID ( lista_args ) .)
    )               reduce using rule 38 (Expresion -> Expresion @ TYPEID . OBJECTID ( lista_args ) .)
    }               reduce using rule 38 (Expresion -> Expresion @ TYPEID . OBJECTID ( lista_args ) .)
    ,               reduce using rule 38 (Expresion -> Expresion @ TYPEID . OBJECTID ( lista_args ) .)
    POOL            reduce using rule 38 (Expresion -> Expresion @ TYPEID . OBJECTID ( lista_args ) .)
    ELSE            reduce using rule 38 (Expresion -> Expresion @ TYPEID . OBJECTID ( lista_args ) .)
    IN              reduce using rule 38 (Expresion -> Expresion @ TYPEID . OBJECTID ( lista_args ) .)
    FI              reduce using rule 38 (Expresion -> Expresion @ TYPEID . OBJECTID ( lista_args ) .)


state 161

    (59) rama_case -> OBJECTID : TYPEID DARROW Expresion . ;
    (36) Expresion -> Expresion . . OBJECTID ( lista_args )
    (37) Expresion -> Expresion . . OBJECTID ( )
    (38) Expresion -> Expresion . @ TYPEID . OBJECTID ( lista_args )
    (39) Expresion -> Expresion . @ TYPEID . OBJECTID ( )
    (44) Expresion -> Expresion . = Expresion
    (45) Expresion -> Expresion . LE Expresion
    (46) Expresion -> Expresion . < Expresion
    (47) Expresion -> Expresion . / Expresion
    (48) Expresion -> Expresion . * Expresion
    (49) Expresion -> Expresion . - Expresion
    (50) Expresion -> Expresion . + Expresion
    ;               shift and go to state 162
    .               shift and go to state 67
    @               shift and go to state 68
    =               shift and go to state 69
    LE              shift and go to state 70
    <               shift and go to state 71
    /               shift and go to state 72
    *               shift and go to state 73
    -               shift and go to state 74
    +               shift and go to state 75


state 162

    (59) rama_case -> OBJECTID : TYPEID DARROW Expresion ; .
    ESAC            reduce using rule 59 (rama_case -> OBJECTID : TYPEID DARROW Expresion ; .)
    OBJECTID        reduce using rule 59 (rama_case -> OBJECTID : TYPEID DARROW Expresion ; .)


Conflicts:

shift/reduce conflict for . in state 131 resolved as shift
shift/reduce conflict for @ in state 131 resolved as shift
shift/reduce conflict for = in state 131 resolved as shift
shift/reduce conflict for LE in state 131 resolved as shift
shift/reduce conflict for < in state 131 resolved as shift
shift/reduce conflict for / in state 131 resolved as shift
shift/reduce conflict for * in state 131 resolved as shift
shift/reduce conflict for - in state 131 resolved as shift
shift/reduce conflict for + in state 131 resolved as shift